id,current_price,price_change_24h,total_supply,market_cap,volume_24h,updated_at
1,0.15200000,15.00,1000000000.00000000,152000000.00,2500000.00,2025-06-21 10:20:56.43322
2,0.15200000,2.50,1000000000.00000000,152000000.00,2500000.00,2025-06-22 10:44:52.578086
3,0.00010000,0.00,1000000000.00000000,100000.00,1000.00,2025-06-22 11:04:46.175269
4,0.00010000,0.00,1000000000.00000000,100000.00,1000.00,2025-06-22 11:09:32.518766
5,0.00010000,0.00,1000000000.00000000,100000.00,1000.00,2025-06-22 11:12:45.822236
6,0.00010000,0.00,1000000000.00000000,100000.00,1000.00,2025-06-22 11:17:44.53907
7,0.00010000,0.00,1000000000.00000000,100000.00,1000.00,2025-06-22 11:22:42.541792
8,0.00010000,0.00,1000000000.00000000,100000.00,1000.00,2025-06-22 11:27:42.161994
9,0.00010000,0.00,1000000000.00000000,100000.00,1000.00,2025-06-22 11:32:42.499054
10,0.00010000,0.00,1000000000.00000000,100000.00,1000.00,2025-06-22 11:37:41.525798
11,0.00010000,0.00,1000000000.00000000,100000.00,1000.00,2025-06-22 11:42:42.521954
12,0.00010000,0.00,1000000000.00000000,100000.00,1000.00,2025-06-22 11:47:41.593677
13,0.00010000,0.00,1000000000.00000000,100000.00,1000.00,2025-06-22 11:52:42.499965
14,0.00010000,0.00,1000000000.00000000,100000.00,1000.00,2025-06-22 11:57:42.535703
15,0.00010000,0.00,1000000000.00000000,100000.00,1000.00,2025-06-22 12:02:42.542075
16,0.00010000,0.00,1000000000.00000000,100000.00,1000.00,2025-06-22 12:07:42.549304
17,0.00010000,0.00,1000000000.00000000,100000.00,1000.00,2025-06-22 12:12:41.526051
18,0.00010000,0.00,1000000000.00000000,100000.00,1000.00,2025-06-22 12:17:42.522949
19,0.00010000,0.00,1000000000.00000000,100000.00,1000.00,2025-06-22 12:22:42.172109
20,0.00010000,0.00,1000000000.00000000,100000.00,1000.00,2025-06-22 12:27:42.528993
21,0.00010000,0.00,1000000000.00000000,100000.00,1000.00,2025-06-22 12:32:42.60086
22,0.00010000,0.00,1000000000.00000000,100000.00,1000.00,2025-06-22 12:38:47.36235
23,0.00010000,0.00,1000000000.00000000,100000.00,1000.00,2025-06-22 12:43:40.47387
24,0.00010000,0.00,1000000000.00000000,100000.00,1000.00,2025-06-22 12:48:40.439695
25,0.00010000,0.00,1000000000.00000000,100000.00,1000.00,2025-06-22 12:53:40.093807
26,0.00010000,0.00,1000000000.00000000,100000.00,1000.00,2025-06-22 12:55:41.506206
27,0.00010000,0.00,1000000000.00000000,100000.00,1000.00,2025-06-22 12:59:06.390312
28,0.00010000,0.00,1000000000.00000000,100000.00,1000.00,2025-06-22 13:04:05.974866
29,0.00010000,0.00,1000000000.00000000,100000.00,1000.00,2025-06-22 13:09:03.514613
30,0.00010000,0.00,1000000000.00000000,100000.00,1000.00,2025-06-22 13:10:03.964869
31,0.00010000,0.00,1000000000.00000000,100000.00,1000.00,2025-06-22 13:15:01.250665
32,0.00010000,0.00,1000000000.00000000,100000.00,1000.00,2025-06-22 13:19:59.260665
33,0.00010000,0.00,1000000000.00000000,100000.00,1000.00,2025-06-22 13:24:59.289567
34,0.00010000,0.00,1000000000.00000000,100000.00,1000.00,2025-06-22 13:25:04.884555
35,0.00010000,0.00,1000000000.00000000,100000.00,1000.00,2025-06-22 13:29:59.295824
36,0.00010000,0.00,1000000000.00000000,100000.00,1000.00,2025-06-22 13:30:07.38379
37,0.00010000,0.00,1000000000.00000000,100000.00,1000.00,2025-06-22 13:30:22.699098
38,0.00010000,0.00,1000000000.00000000,100000.00,1000.00,2025-06-22 13:34:45.746161
39,0.00010000,0.00,1000000000.00000000,100000.00,1000.00,2025-06-22 13:35:14.187687
40,0.00010000,0.00,1000000000.00000000,100000.00,1000.00,2025-06-22 13:40:07.785369
41,0.00010000,0.00,1000000000.00000000,100000.00,1000.00,2025-06-22 13:40:11.145816
42,0.00010000,0.00,1000000000.00000000,100000.00,1000.00,2025-06-22 13:45:07.206717
43,0.00010000,0.00,1000000000.00000000,100000.00,1000.00,2025-06-22 13:45:11.160054
44,0.00010000,0.00,1000000000.00000000,100000.00,1000.00,2025-06-22 13:45:21.942509
45,0.00010000,0.00,1000000000.00000000,100000.00,1000.00,2025-06-22 13:50:11.591398
46,0.00010000,0.00,1000000000.00000000,100000.00,1000.00,2025-06-22 13:50:27.103343
47,0.00010000,0.00,1000000000.00000000,100000.00,1000.00,2025-06-22 13:52:35.488601
48,0.00010000,0.00,1000000000.00000000,100000.00,1000.00,2025-06-22 13:55:11.656696
49,0.00010000,0.00,1000000000.00000000,100000.00,1000.00,2025-06-22 13:55:24.304572
50,0.00010000,0.00,1000000000.00000000,100000.00,1000.00,2025-06-22 13:57:38.987634
51,0.00010000,0.00,1000000000.00000000,100000.00,1000.00,2025-06-22 13:59:23.712733
52,0.00010000,0.00,1000000000.00000000,100000.00,1000.00,2025-06-22 13:59:53.05139
53,0.00010000,0.00,1000000000.00000000,100000.00,1000.00,2025-06-22 14:02:39.934578
54,0.00010000,0.00,1000000000.00000000,100000.00,1000.00,2025-06-22 14:04:49.536259
55,0.00010000,0.00,1000000000.00000000,100000.00,1000.00,2025-06-22 14:07:36.088161
56,0.00010000,0.00,1000000000.00000000,100000.00,1000.00,2025-06-22 14:08:55.075217
57,0.00010000,0.00,1000000000.00000000,100000.00,1000.00,2025-06-22 14:12:35.789186
58,0.00010000,0.00,1000000000.00000000,100000.00,1000.00,2025-06-22 14:13:56.751622
59,0.00010000,0.00,1000000000.00000000,100000.00,1000.00,2025-06-22 14:15:53.468682
60,0.00010000,0.00,1000000000.00000000,100000.00,1000.00,2025-06-22 14:16:58.520126
61,0.00010000,0.00,1000000000.00000000,100000.00,1000.00,2025-06-22 14:17:36.289404
62,0.00010000,0.00,1000000000.00000000,100000.00,1000.00,2025-06-22 14:20:27.535738
63,0.00010000,0.00,1000000000.00000000,100000.00,1000.00,2025-06-22 14:21:58.115943
64,0.00010000,0.00,1000000000.00000000,100000.00,1000.00,2025-06-22 14:22:36.013533
65,0.00010000,0.00,1000000000.00000000,100000.00,1000.00,2025-06-22 14:25:27.534151
66,0.00010000,0.00,1000000000.00000000,100000.00,1000.00,2025-06-22 14:26:58.448152
67,0.00010000,0.00,1000000000.00000000,100000.00,1000.00,2025-06-22 14:30:28.168674
68,0.00010000,0.00,1000000000.00000000,100000.00,1000.00,2025-06-22 14:31:58.452406
69,0.00010000,0.00,1000000000.00000000,100000.00,1000.00,2025-06-22 14:35:26.634102
70,0.00010000,0.00,1000000000.00000000,100000.00,1000.00,2025-06-22 14:36:58.392034
71,0.00010000,0.00,1000000000.00000000,100000.00,1000.00,2025-06-22 14:38:53.086092
72,0.00010000,0.00,1000000000.00000000,100000.00,1000.00,2025-06-22 14:42:00.527579
73,0.00010000,0.00,1000000000.00000000,100000.00,1000.00,2025-06-22 14:43:54.485939
74,0.00010000,0.00,1000000000.00000000,100000.00,1000.00,2025-06-22 14:46:58.430877
75,0.00010000,0.00,1000000000.00000000,100000.00,1000.00,2025-06-22 14:48:54.6869
76,0.00010000,0.00,1000000000.00000000,100000.00,1000.00,2025-06-22 14:52:00.410119
77,0.00010000,0.00,1000000000.00000000,100000.00,1000.00,2025-06-22 14:53:55.978711
78,0.00010000,0.00,1000000000.00000000,100000.00,1000.00,2025-06-22 14:56:58.146837
79,0.00010000,0.00,1000000000.00000000,100000.00,1000.00,2025-06-22 14:58:55.285869
80,0.00010000,0.00,1000000000.00000000,100000.00,1000.00,2025-06-22 15:01:58.495066
81,0.00010000,0.00,1000000000.00000000,100000.00,1000.00,2025-06-22 15:03:56.051342
82,0.00010000,0.00,1000000000.00000000,100000.00,1000.00,2025-06-22 15:06:58.73241
83,0.00010000,0.00,1000000000.00000000,100000.00,1000.00,2025-06-22 15:08:52.885656
84,0.00010000,0.00,1000000000.00000000,100000.00,1000.00,2025-06-22 15:12:00.537316
85,0.00010000,0.00,1000000000.00000000,100000.00,1000.00,2025-06-22 15:13:55.555138
86,0.00010000,0.00,1000000000.00000000,100000.00,1000.00,2025-06-22 15:16:58.422651
87,0.00010000,0.00,1000000000.00000000,100000.00,1000.00,2025-06-22 15:18:53.458616
88,0.00010000,0.00,1000000000.00000000,100000.00,1000.00,2025-06-22 15:21:58.474113
89,0.00010000,0.00,1000000000.00000000,100000.00,1000.00,2025-06-22 15:23:53.763062
90,0.00010000,0.00,1000000000.00000000,100000.00,1000.00,2025-06-22 15:26:58.497797
91,0.00010000,0.00,1000000000.00000000,100000.00,1000.00,2025-06-22 15:28:53.184727
92,0.00010000,0.00,1000000000.00000000,100000.00,1000.00,2025-06-22 15:31:58.507826
93,0.00010000,0.00,1000000000.00000000,100000.00,1000.00,2025-06-22 15:33:55.131472
94,0.00010000,0.00,1000000000.00000000,100000.00,1000.00,2025-06-22 15:36:58.454484
95,0.00010000,0.00,1000000000.00000000,100000.00,1000.00,2025-06-22 15:38:53.088044
96,0.00010000,0.00,1000000000.00000000,100000.00,1000.00,2025-06-22 15:42:00.216168
97,0.00010000,0.00,1000000000.00000000,100000.00,1000.00,2025-06-22 15:43:53.451446
98,0.00010000,0.00,1000000000.00000000,100000.00,1000.00,2025-06-22 15:46:58.420985
99,0.00010000,0.00,1000000000.00000000,100000.00,1000.00,2025-06-22 15:48:54.184482
100,0.00010000,0.00,1000000000.00000000,100000.00,1000.00,2025-06-22 15:53:54.386837
101,0.00010000,0.00,1000000000.00000000,100000.00,1000.00,2025-06-22 15:58:54.231371
102,0.00010000,0.00,1000000000.00000000,100000.00,1000.00,2025-06-22 16:03:53.384298
103,0.00010000,0.00,1000000000.00000000,100000.00,1000.00,2025-06-22 16:08:51.383691
104,0.00010000,0.00,1000000000.00000000,100000.00,1000.00,2025-06-22 16:13:53.230813
105,0.00010000,0.00,1000000000.00000000,100000.00,1000.00,2025-06-22 16:18:54.385207
106,0.00010000,0.00,1000000000.00000000,100000.00,1000.00,2025-06-22 16:23:54.385383
107,0.00010000,0.00,1000000000.00000000,100000.00,1000.00,2025-06-22 16:28:53.488925
108,0.00010000,0.00,1000000000.00000000,100000.00,1000.00,2025-06-22 16:33:50.815698
109,0.00010000,0.00,1000000000.00000000,100000.00,1000.00,2025-06-22 16:34:47.369285
110,0.00010000,0.00,1000000000.00000000,100000.00,1000.00,2025-06-22 16:39:51.440446
111,0.00010000,0.00,1000000000.00000000,100000.00,1000.00,2025-06-22 16:44:50.98009
112,0.00010000,0.00,1000000000.00000000,100000.00,1000.00,2025-06-22 16:49:50.722042
113,0.00010000,0.00,1000000000.00000000,100000.00,1000.00,2025-06-22 16:54:52.080211
114,0.00010000,0.00,1000000000.00000000,100000.00,1000.00,2025-06-22 16:59:50.757176
115,0.00010000,0.00,1000000000.00000000,100000.00,1000.00,2025-06-22 17:04:50.381815
116,0.00010000,0.00,1000000000.00000000,100000.00,1000.00,2025-06-22 17:09:50.082508
117,0.00010000,0.00,1000000000.00000000,100000.00,1000.00,2025-06-22 17:14:50.439888
118,0.00010000,0.00,1000000000.00000000,100000.00,1000.00,2025-06-22 17:19:50.764304
119,0.00010000,0.00,1000000000.00000000,100000.00,1000.00,2025-06-22 17:24:50.480658
120,0.00010000,0.00,1000000000.00000000,100000.00,1000.00,2025-06-22 17:29:51.380151
121,0.00010000,0.00,1000000000.00000000,100000.00,1000.00,2025-06-22 17:34:50.481978
122,0.00010000,0.00,1000000000.00000000,100000.00,1000.00,2025-06-22 17:39:50.455967
123,0.00010000,0.00,1000000000.00000000,100000.00,1000.00,2025-06-22 17:44:51.023755
124,0.00010000,0.00,1000000000.00000000,100000.00,1000.00,2025-06-22 17:49:50.981425
125,0.00010000,0.00,1000000000.00000000,100000.00,1000.00,2025-06-22 17:54:50.780879
126,0.00010000,0.00,1000000000.00000000,100000.00,1000.00,2025-06-22 17:59:51.182553
127,0.00010000,0.00,1000000000.00000000,100000.00,1000.00,2025-06-22 18:04:50.681155
128,0.00010000,0.00,1000000000.00000000,100000.00,1000.00,2025-06-22 18:09:50.379938
129,0.00010000,0.00,1000000000.00000000,100000.00,1000.00,2025-06-22 18:14:50.871946
130,0.00010000,0.00,1000000000.00000000,100000.00,1000.00,2025-06-22 18:19:50.504436
131,0.00010000,0.00,1000000000.00000000,100000.00,1000.00,2025-06-22 18:24:50.556134
132,0.00010000,0.00,1000000000.00000000,100000.00,1000.00,2025-06-22 18:29:50.355755
133,0.00010000,0.00,1000000000.00000000,100000.00,1000.00,2025-06-22 18:34:51.881277
134,0.00010000,0.00,1000000000.00000000,100000.00,1000.00,2025-06-22 18:39:51.428011
135,0.00010000,0.00,1000000000.00000000,100000.00,1000.00,2025-06-22 18:44:50.441924
136,0.00010000,0.00,1000000000.00000000,100000.00,1000.00,2025-06-22 18:49:50.439283
137,0.00010000,0.00,1000000000.00000000,100000.00,1000.00,2025-06-22 18:54:51.037479
138,0.00010000,0.00,1000000000.00000000,100000.00,1000.00,2025-06-22 18:59:50.679991
139,0.00010000,0.00,1000000000.00000000,100000.00,1000.00,2025-06-22 19:04:50.580187
140,0.00010000,0.00,1000000000.00000000,100000.00,1000.00,2025-06-22 19:09:50.881059
141,0.00010000,0.00,1000000000.00000000,100000.00,1000.00,2025-06-22 19:14:51.179573
142,0.00010000,0.00,1000000000.00000000,100000.00,1000.00,2025-06-22 19:19:50.439103
143,0.00010000,0.00,1000000000.00000000,100000.00,1000.00,2025-06-22 19:24:50.580298
144,0.00010000,0.00,1000000000.00000000,100000.00,1000.00,2025-06-22 19:29:50.580672
145,0.00010000,0.00,1000000000.00000000,100000.00,1000.00,2025-06-22 19:34:50.780178
146,0.00010000,0.00,1000000000.00000000,100000.00,1000.00,2025-06-22 19:39:51.380627
147,0.00010000,0.00,1000000000.00000000,100000.00,1000.00,2025-06-22 19:44:50.580197
148,0.00010000,0.00,1000000000.00000000,100000.00,1000.00,2025-06-22 19:49:50.127078
149,0.00010000,0.00,1000000000.00000000,100000.00,1000.00,2025-06-22 19:54:51.502914
150,0.00010000,0.00,1000000000.00000000,100000.00,1000.00,2025-06-22 19:59:50.827032
151,0.00010000,0.00,1000000000.00000000,100000.00,1000.00,2025-06-22 20:04:50.533562
152,0.00010000,0.00,1000000000.00000000,100000.00,1000.00,2025-06-22 20:09:51.579338
153,0.00010000,0.00,1000000000.00000000,100000.00,1000.00,2025-06-22 20:14:50.779984
154,0.00010000,0.00,1000000000.00000000,100000.00,1000.00,2025-06-22 20:19:51.540799
155,0.00010000,0.00,1000000000.00000000,100000.00,1000.00,2025-06-22 20:24:50.963382
156,0.00010000,0.00,1000000000.00000000,100000.00,1000.00,2025-06-22 20:29:50.541685
157,0.00010000,0.00,1000000000.00000000,100000.00,1000.00,2025-06-22 20:34:50.57968
158,0.00010000,0.00,1000000000.00000000,100000.00,1000.00,2025-06-22 20:39:51.082545
159,0.00010000,0.00,1000000000.00000000,100000.00,1000.00,2025-06-22 20:44:50.780628
160,0.00010000,0.00,1000000000.00000000,100000.00,1000.00,2025-06-22 20:49:51.884412
161,0.00010000,0.00,1000000000.00000000,100000.00,1000.00,2025-06-22 20:54:51.544466
162,0.00010000,0.00,1000000000.00000000,100000.00,1000.00,2025-06-22 20:59:50.947458
163,0.00010000,0.00,1000000000.00000000,100000.00,1000.00,2025-06-22 21:04:52.480225
164,0.00010000,0.00,1000000000.00000000,100000.00,1000.00,2025-06-22 21:09:50.88017
165,0.00010000,0.00,1000000000.00000000,100000.00,1000.00,2025-06-22 21:14:52.380895
166,0.00010000,0.00,1000000000.00000000,100000.00,1000.00,2025-06-22 21:27:59.081771
167,0.00010000,0.00,1000000000.00000000,100000.00,1000.00,2025-06-22 21:32:59.481456
168,0.00010000,0.00,1000000000.00000000,100000.00,1000.00,2025-06-22 21:37:58.924136
169,0.00010000,0.00,1000000000.00000000,100000.00,1000.00,2025-06-22 21:42:58.981057
170,0.00010000,0.00,1000000000.00000000,100000.00,1000.00,2025-06-22 21:47:59.084433
171,0.00010000,0.00,1000000000.00000000,100000.00,1000.00,2025-06-22 21:52:57.873033
172,0.00010000,0.00,1000000000.00000000,100000.00,1000.00,2025-06-22 21:57:57.482097
173,0.00010000,0.00,1000000000.00000000,100000.00,1000.00,2025-06-22 22:02:58.482495
174,0.00010000,0.00,1000000000.00000000,100000.00,1000.00,2025-06-22 22:07:59.081347
175,0.00010000,0.00,1000000000.00000000,100000.00,1000.00,2025-06-22 22:12:58.88117
176,0.00010000,0.00,1000000000.00000000,100000.00,1000.00,2025-06-22 22:17:57.713758
177,0.00010000,0.00,1000000000.00000000,100000.00,1000.00,2025-06-22 22:22:57.60562
178,0.00010000,0.00,1000000000.00000000,100000.00,1000.00,2025-06-22 22:27:57.481615
179,0.00010000,0.00,1000000000.00000000,100000.00,1000.00,2025-06-22 22:32:59.081007
180,0.00010000,0.00,1000000000.00000000,100000.00,1000.00,2025-06-22 22:37:58.632744
181,0.00010000,0.00,1000000000.00000000,100000.00,1000.00,2025-06-22 22:42:58.351656
182,0.00010000,0.00,1000000000.00000000,100000.00,1000.00,2025-06-22 22:47:13.106317
183,0.00010000,0.00,1000000000.00000000,100000.00,1000.00,2025-06-22 22:52:18.403799
184,0.00010000,0.00,1000000000.00000000,100000.00,1000.00,2025-06-22 22:57:16.303707
185,0.00010000,0.00,1000000000.00000000,100000.00,1000.00,2025-06-22 23:02:15.87947
186,0.00010000,0.00,1000000000.00000000,100000.00,1000.00,2025-06-22 23:07:16.277727
187,0.00010000,0.00,1000000000.00000000,100000.00,1000.00,2025-06-22 23:12:16.606716
188,0.00010000,0.00,1000000000.00000000,100000.00,1000.00,2025-06-22 23:17:16.274467
189,0.00010000,0.00,1000000000.00000000,100000.00,1000.00,2025-06-22 23:22:16.245688
190,0.00010000,0.00,1000000000.00000000,100000.00,1000.00,2025-06-22 23:27:15.472994
191,0.00010000,0.00,1000000000.00000000,100000.00,1000.00,2025-06-22 23:32:15.64757
192,0.00010000,0.00,1000000000.00000000,100000.00,1000.00,2025-06-22 23:37:15.136795
193,0.00010000,0.00,1000000000.00000000,100000.00,1000.00,2025-06-22 23:42:15.703529
194,0.00010000,0.00,1000000000.00000000,100000.00,1000.00,2025-06-22 23:47:15.803651
195,0.00010000,0.00,1000000000.00000000,100000.00,1000.00,2025-06-22 23:52:16.936104
196,0.00010000,0.00,1000000000.00000000,100000.00,1000.00,2025-06-22 23:57:16.85282
197,0.00010000,0.00,1000000000.00000000,100000.00,1000.00,2025-06-23 00:02:15.803901
198,0.00010000,0.00,1000000000.00000000,100000.00,1000.00,2025-06-23 00:07:15.695582
199,0.00010000,0.00,1000000000.00000000,100000.00,1000.00,2025-06-23 00:12:16.898645
200,0.00010000,0.00,1000000000.00000000,100000.00,1000.00,2025-06-23 00:17:16.505405
201,0.00010000,0.00,1000000000.00000000,100000.00,1000.00,2025-06-23 00:22:15.273103
202,0.00010000,0.00,1000000000.00000000,100000.00,1000.00,2025-06-23 00:27:16.40444
203,0.00010000,0.00,1000000000.00000000,100000.00,1000.00,2025-06-23 00:32:16.373497
204,0.00010000,0.00,1000000000.00000000,100000.00,1000.00,2025-06-23 00:37:16.70433
205,0.00010000,0.00,1000000000.00000000,100000.00,1000.00,2025-06-23 00:42:15.649407
206,0.00010000,0.00,1000000000.00000000,100000.00,1000.00,2025-06-23 00:47:15.365333
207,0.00010000,0.00,1000000000.00000000,100000.00,1000.00,2025-06-23 00:52:16.82831
208,0.00010000,0.00,1000000000.00000000,100000.00,1000.00,2025-06-23 00:57:15.457288
209,0.00010000,0.00,1000000000.00000000,100000.00,1000.00,2025-06-23 01:02:16.609847
210,0.00010000,0.00,1000000000.00000000,100000.00,1000.00,2025-06-23 01:07:16.321578
211,0.00010000,0.00,1000000000.00000000,100000.00,1000.00,2025-06-23 01:12:15.090514
212,0.00010000,0.00,1000000000.00000000,100000.00,1000.00,2025-06-23 01:17:15.970186
213,0.00010000,0.00,1000000000.00000000,100000.00,1000.00,2025-06-23 01:22:25.834007
214,0.00010000,0.00,1000000000.00000000,100000.00,1000.00,2025-06-23 01:27:16.904227
215,0.00010000,0.00,1000000000.00000000,100000.00,1000.00,2025-06-23 01:32:16.305266
216,0.00010000,0.00,1000000000.00000000,100000.00,1000.00,2025-06-23 01:37:16.179094
217,0.00010000,0.00,1000000000.00000000,100000.00,1000.00,2025-06-23 01:42:16.149521
218,0.00010000,0.00,1000000000.00000000,100000.00,1000.00,2025-06-23 01:47:16.403189
219,0.00010000,0.00,1000000000.00000000,100000.00,1000.00,2025-06-23 01:52:16.503517
220,0.00010000,0.00,1000000000.00000000,100000.00,1000.00,2025-06-23 01:57:14.503088
221,0.00010000,0.00,1000000000.00000000,100000.00,1000.00,2025-06-23 02:02:15.504796
222,0.00010000,0.00,1000000000.00000000,100000.00,1000.00,2025-06-23 02:07:16.3086
223,0.00010000,0.00,1000000000.00000000,100000.00,1000.00,2025-06-23 02:08:29.914546
224,0.00010000,0.00,1000000000.00000000,100000.00,1000.00,2025-06-23 02:13:33.760513
225,0.00010000,0.00,1000000000.00000000,100000.00,1000.00,2025-06-23 02:14:32.819161
226,0.00010000,0.00,1000000000.00000000,100000.00,1000.00,2025-06-23 02:14:48.662631
227,0.00010000,0.00,1000000000.00000000,100000.00,1000.00,2025-06-23 02:19:36.921915
228,0.00010000,0.00,1000000000.00000000,100000.00,1000.00,2025-06-23 02:19:52.904255
229,0.00010000,0.00,1000000000.00000000,100000.00,1000.00,2025-06-23 02:24:36.560226
230,0.00010000,0.00,1000000000.00000000,100000.00,1000.00,2025-06-23 02:24:52.703955
231,0.00010000,0.00,1000000000.00000000,100000.00,1000.00,2025-06-23 02:29:35.246707
232,0.00010000,0.00,1000000000.00000000,100000.00,1000.00,2025-06-23 02:29:51.342153
233,0.00010000,0.00,1000000000.00000000,100000.00,1000.00,2025-06-23 02:34:51.804148
234,0.00010000,0.00,1000000000.00000000,100000.00,1000.00,2025-06-23 02:39:52.304504
235,0.00010000,0.00,1000000000.00000000,100000.00,1000.00,2025-06-23 02:44:52.003472
236,0.00010000,0.00,1000000000.00000000,100000.00,1000.00,2025-06-23 02:49:51.604073
237,0.00010000,0.00,1000000000.00000000,100000.00,1000.00,2025-06-23 02:54:51.765379
238,0.00010000,0.00,1000000000.00000000,100000.00,1000.00,2025-06-23 02:59:51.404345
239,0.00010000,0.00,1000000000.00000000,100000.00,1000.00,2025-06-23 03:04:51.006525
240,0.00010000,0.00,1000000000.00000000,100000.00,1000.00,2025-06-23 03:09:51.903562
241,0.00010000,0.00,1000000000.00000000,100000.00,1000.00,2025-06-23 03:14:51.960946
242,0.00010000,0.00,1000000000.00000000,100000.00,1000.00,2025-06-23 03:19:52.404803
243,0.00010000,0.00,1000000000.00000000,100000.00,1000.00,2025-06-23 03:24:54.452818
244,0.00010000,0.00,1000000000.00000000,100000.00,1000.00,2025-06-23 03:29:52.603361
245,0.00010000,0.00,1000000000.00000000,100000.00,1000.00,2025-06-23 03:34:52.603883
246,0.00010000,0.00,1000000000.00000000,100000.00,1000.00,2025-06-23 03:39:51.542521
247,0.00010000,0.00,1000000000.00000000,100000.00,1000.00,2025-06-23 03:44:52.15137
248,0.00010000,0.00,1000000000.00000000,100000.00,1000.00,2025-06-23 03:49:51.403405
249,0.00010000,0.00,1000000000.00000000,100000.00,1000.00,2025-06-23 03:54:51.546959
250,0.00010000,0.00,1000000000.00000000,100000.00,1000.00,2025-06-23 03:59:51.805815
251,0.00010000,0.00,1000000000.00000000,100000.00,1000.00,2025-06-23 04:04:51.654969
252,0.00010000,0.00,1000000000.00000000,100000.00,1000.00,2025-06-23 04:09:51.675942
253,0.00010000,0.00,1000000000.00000000,100000.00,1000.00,2025-06-23 04:14:53.160336
254,0.00010000,0.00,1000000000.00000000,100000.00,1000.00,2025-06-23 04:19:51.603803
255,0.00010000,0.00,1000000000.00000000,100000.00,1000.00,2025-06-23 04:24:52.581771
256,0.00010000,0.00,1000000000.00000000,100000.00,1000.00,2025-06-23 04:29:53.212071
257,0.00010000,0.00,1000000000.00000000,100000.00,1000.00,2025-06-23 04:35:00.005857
258,0.00010000,0.00,1000000000.00000000,100000.00,1000.00,2025-06-23 04:39:52.704519
259,0.00010000,0.00,1000000000.00000000,100000.00,1000.00,2025-06-23 04:44:51.786383
260,0.00010000,0.00,1000000000.00000000,100000.00,1000.00,2025-06-23 04:49:51.761742
261,0.00010000,0.00,1000000000.00000000,100000.00,1000.00,2025-06-23 04:54:51.904818
262,0.00010000,0.00,1000000000.00000000,100000.00,1000.00,2025-06-23 04:59:52.955246
263,0.00010000,0.00,1000000000.00000000,100000.00,1000.00,2025-06-23 05:04:53.27397
264,0.00010000,0.00,1000000000.00000000,100000.00,1000.00,2025-06-23 05:09:53.004284
265,0.00010000,0.00,1000000000.00000000,100000.00,1000.00,2025-06-23 05:14:52.857296
266,0.00010000,0.00,1000000000.00000000,100000.00,1000.00,2025-06-23 05:19:52.00258
267,0.00010000,0.00,1000000000.00000000,100000.00,1000.00,2025-06-23 05:24:52.449164
268,0.00010000,0.00,1000000000.00000000,100000.00,1000.00,2025-06-23 05:29:50.859964
269,0.00010000,0.00,1000000000.00000000,100000.00,1000.00,2025-06-23 05:34:52.167021
270,0.00010000,0.00,1000000000.00000000,100000.00,1000.00,2025-06-23 05:39:52.904154
271,0.00010000,0.00,1000000000.00000000,100000.00,1000.00,2025-06-23 05:44:53.666161
272,0.00010000,0.00,1000000000.00000000,100000.00,1000.00,2025-06-23 05:49:52.563625
273,0.00010000,0.00,1000000000.00000000,100000.00,1000.00,2025-06-23 05:54:51.685962
274,0.00010000,0.00,1000000000.00000000,100000.00,1000.00,2025-06-23 05:59:52.641849
275,0.00010000,0.00,1000000000.00000000,100000.00,1000.00,2025-06-23 06:04:52.616095
276,0.00010000,0.00,1000000000.00000000,100000.00,1000.00,2025-06-23 06:09:52.503589
277,0.00010000,0.00,1000000000.00000000,100000.00,1000.00,2025-06-23 06:14:52.257232
278,0.00010000,0.00,1000000000.00000000,100000.00,1000.00,2025-06-23 06:19:52.802372
279,0.00010000,0.00,1000000000.00000000,100000.00,1000.00,2025-06-23 06:24:53.504964
280,0.00010000,0.00,1000000000.00000000,100000.00,1000.00,2025-06-23 06:29:51.905807
281,0.00010000,0.00,1000000000.00000000,100000.00,1000.00,2025-06-23 06:34:52.540464
282,0.00010000,0.00,1000000000.00000000,100000.00,1000.00,2025-06-23 06:39:52.266576
283,0.00010000,0.00,1000000000.00000000,100000.00,1000.00,2025-06-23 06:44:53.560178
284,0.00010000,0.00,1000000000.00000000,100000.00,1000.00,2025-06-23 06:49:55.174617
285,0.00010000,0.00,1000000000.00000000,100000.00,1000.00,2025-06-23 06:54:53.452912
286,0.00010000,0.00,1000000000.00000000,100000.00,1000.00,2025-06-23 06:59:53.274913
287,0.00010000,0.00,1000000000.00000000,100000.00,1000.00,2025-06-23 07:04:52.41108
288,0.00010000,0.00,1000000000.00000000,100000.00,1000.00,2025-06-23 07:09:53.234879
289,0.00010000,0.00,1000000000.00000000,100000.00,1000.00,2025-06-23 07:14:53.081452
290,0.00010000,0.00,1000000000.00000000,100000.00,1000.00,2025-06-23 07:19:52.352338
291,0.00010000,0.00,1000000000.00000000,100000.00,1000.00,2025-06-23 07:24:54.092232
292,0.00010000,0.00,1000000000.00000000,100000.00,1000.00,2025-06-23 07:29:52.212569
293,0.00010000,0.00,1000000000.00000000,100000.00,1000.00,2025-06-23 07:34:52.506407
294,0.00010000,0.00,1000000000.00000000,100000.00,1000.00,2025-06-23 07:39:52.196465
295,0.00010000,0.00,1000000000.00000000,100000.00,1000.00,2025-06-23 07:44:52.042746
296,0.00010000,0.00,1000000000.00000000,100000.00,1000.00,2025-06-23 07:49:52.105529
297,0.00010000,0.00,1000000000.00000000,100000.00,1000.00,2025-06-23 07:54:51.350865
298,0.00010000,0.00,1000000000.00000000,100000.00,1000.00,2025-06-23 07:59:53.070922
299,0.00010000,0.00,1000000000.00000000,100000.00,1000.00,2025-06-23 08:04:53.504234
300,0.00010000,0.00,1000000000.00000000,100000.00,1000.00,2025-06-23 08:09:57.816094
301,0.00010000,0.00,1000000000.00000000,100000.00,1000.00,2025-06-23 08:14:53.606495
302,0.00010000,0.00,1000000000.00000000,100000.00,1000.00,2025-06-23 08:19:52.350314
303,0.00010000,0.00,1000000000.00000000,100000.00,1000.00,2025-06-23 08:24:51.968067
304,0.00010000,0.00,1000000000.00000000,100000.00,1000.00,2025-06-23 08:29:52.28901
305,0.00010000,0.00,1000000000.00000000,100000.00,1000.00,2025-06-23 08:34:53.003882
306,0.00010000,0.00,1000000000.00000000,100000.00,1000.00,2025-06-23 08:39:52.479018
307,0.00010000,0.00,1000000000.00000000,100000.00,1000.00,2025-06-23 08:44:52.705787
308,0.00010000,0.00,1000000000.00000000,100000.00,1000.00,2025-06-23 08:49:52.703415
309,0.00010000,0.00,1000000000.00000000,100000.00,1000.00,2025-06-23 08:54:53.631791
310,0.00010000,0.00,1000000000.00000000,100000.00,1000.00,2025-06-23 08:59:53.110391
311,0.00010000,0.00,1000000000.00000000,100000.00,1000.00,2025-06-23 09:04:52.904667
312,0.00010000,0.00,1000000000.00000000,100000.00,1000.00,2025-06-23 09:09:51.805412
313,0.00010000,0.00,1000000000.00000000,100000.00,1000.00,2025-06-23 09:14:52.903853
314,0.00010000,0.00,1000000000.00000000,100000.00,1000.00,2025-06-23 09:19:53.652755
315,0.00010000,0.00,1000000000.00000000,100000.00,1000.00,2025-06-23 09:24:52.304021
316,0.00010000,0.00,1000000000.00000000,100000.00,1000.00,2025-06-23 09:29:53.909237
317,0.00010000,0.00,1000000000.00000000,100000.00,1000.00,2025-06-23 09:34:53.806933
318,0.00010000,0.00,1000000000.00000000,100000.00,1000.00,2025-06-23 09:39:53.405468
319,0.00010000,0.00,1000000000.00000000,100000.00,1000.00,2025-06-23 09:44:52.471182
320,0.00010000,0.00,1000000000.00000000,100000.00,1000.00,2025-06-23 09:49:52.100181
321,0.00010000,0.00,1000000000.00000000,100000.00,1000.00,2025-06-23 09:54:53.0006
322,0.00010000,0.00,1000000000.00000000,100000.00,1000.00,2025-06-23 09:59:54.703333
323,0.00010000,0.00,1000000000.00000000,100000.00,1000.00,2025-06-23 10:04:52.375357
324,0.00010000,0.00,1000000000.00000000,100000.00,1000.00,2025-06-23 10:09:55.566932
325,0.00010000,0.00,1000000000.00000000,100000.00,1000.00,2025-06-23 10:14:53.104517
326,0.00010000,0.00,1000000000.00000000,100000.00,1000.00,2025-06-23 10:19:53.095844
327,0.00010000,0.00,1000000000.00000000,100000.00,1000.00,2025-06-23 10:24:52.207087
328,0.00010000,0.00,1000000000.00000000,100000.00,1000.00,2025-06-23 10:29:54.871897
329,0.00010000,0.00,1000000000.00000000,100000.00,1000.00,2025-06-23 10:34:54.006512
330,0.00010000,0.00,1000000000.00000000,100000.00,1000.00,2025-06-23 10:39:53.005861
331,0.00010000,0.00,1000000000.00000000,100000.00,1000.00,2025-06-23 10:44:52.40521
332,0.00010000,0.00,1000000000.00000000,100000.00,1000.00,2025-06-23 10:49:52.478077
333,0.00010000,0.00,1000000000.00000000,100000.00,1000.00,2025-06-23 10:54:36.048816
334,0.00010000,0.00,1000000000.00000000,100000.00,1000.00,2025-06-23 10:59:39.63483
335,0.00010000,0.00,1000000000.00000000,100000.00,1000.00,2025-06-23 11:04:38.949822
336,0.00010000,0.00,1000000000.00000000,100000.00,1000.00,2025-06-23 11:09:38.547865
337,0.00010000,0.00,1000000000.00000000,100000.00,1000.00,2025-06-23 11:14:38.999144
338,0.00010000,0.00,1000000000.00000000,100000.00,1000.00,2025-06-23 11:19:38.950065
339,0.00010000,0.00,1000000000.00000000,100000.00,1000.00,2025-06-23 11:24:39.248596
340,0.00010000,0.00,1000000000.00000000,100000.00,1000.00,2025-06-23 11:29:38.657512
341,0.00010000,0.00,1000000000.00000000,100000.00,1000.00,2025-06-23 11:34:38.749045
342,0.00010000,0.00,1000000000.00000000,100000.00,1000.00,2025-06-23 11:39:38.858137
343,0.00010000,0.00,1000000000.00000000,100000.00,1000.00,2025-06-23 11:44:38.651011
344,0.00010000,0.00,1000000000.00000000,100000.00,1000.00,2025-06-23 11:49:38.515669
345,0.00010000,0.00,1000000000.00000000,100000.00,1000.00,2025-06-23 11:54:38.94828
346,0.00010000,0.00,1000000000.00000000,100000.00,1000.00,2025-06-23 11:59:40.750734
347,0.00010000,0.00,1000000000.00000000,100000.00,1000.00,2025-06-23 12:04:40.150876
348,0.00010000,0.00,1000000000.00000000,100000.00,1000.00,2025-06-23 12:09:45.431502
349,0.00010000,0.00,1000000000.00000000,100000.00,1000.00,2025-06-23 12:14:39.80666
350,0.00010000,0.00,1000000000.00000000,100000.00,1000.00,2025-06-23 12:23:48.425887
351,0.00010000,0.00,1000000000.00000000,100000.00,1000.00,2025-06-23 12:28:45.825746
352,0.00010000,0.00,1000000000.00000000,100000.00,1000.00,2025-06-23 12:33:46.043665
353,0.00010000,0.00,1000000000.00000000,100000.00,1000.00,2025-06-23 12:38:46.105856
354,0.00010000,0.00,1000000000.00000000,100000.00,1000.00,2025-06-23 12:43:46.425339
355,0.00010000,0.00,1000000000.00000000,100000.00,1000.00,2025-06-23 12:48:46.177435
356,0.00010000,0.00,1000000000.00000000,100000.00,1000.00,2025-06-23 12:53:45.504947
357,0.00010000,0.00,1000000000.00000000,100000.00,1000.00,2025-06-23 12:58:46.32428
358,0.00010000,0.00,1000000000.00000000,100000.00,1000.00,2025-06-23 13:03:45.526573
359,0.00010000,0.00,1000000000.00000000,100000.00,1000.00,2025-06-23 13:08:45.328464
360,0.00010000,0.00,1000000000.00000000,100000.00,1000.00,2025-06-23 13:13:46.024664
361,0.00010000,0.00,1000000000.00000000,100000.00,1000.00,2025-06-23 13:18:46.230825
362,0.00010000,0.00,1000000000.00000000,100000.00,1000.00,2025-06-23 13:23:48.127111
363,0.00010000,0.00,1000000000.00000000,100000.00,1000.00,2025-06-23 13:28:46.42427
364,0.00010000,0.00,1000000000.00000000,100000.00,1000.00,2025-06-23 13:33:45.323949
365,0.00010000,0.00,1000000000.00000000,100000.00,1000.00,2025-06-23 13:38:46.29678
366,0.00010000,0.00,1000000000.00000000,100000.00,1000.00,2025-06-23 13:43:47.098396
367,0.00010000,0.00,1000000000.00000000,100000.00,1000.00,2025-06-23 13:48:46.002637
368,0.00010000,0.00,1000000000.00000000,100000.00,1000.00,2025-06-23 13:53:45.533121
369,0.00010000,0.00,1000000000.00000000,100000.00,1000.00,2025-06-23 13:58:45.469262
370,0.00010000,0.00,1000000000.00000000,100000.00,1000.00,2025-06-23 14:03:45.924408
371,0.00010000,0.00,1000000000.00000000,100000.00,1000.00,2025-06-23 14:08:46.426517
372,0.00010000,0.00,1000000000.00000000,100000.00,1000.00,2025-06-23 14:13:45.889536
373,0.00010000,0.00,1000000000.00000000,100000.00,1000.00,2025-06-23 14:18:47.071739
374,0.00010000,0.00,1000000000.00000000,100000.00,1000.00,2025-06-23 14:23:45.827749
375,0.00010000,0.00,1000000000.00000000,100000.00,1000.00,2025-06-23 14:28:45.729067
376,0.00010000,0.00,1000000000.00000000,100000.00,1000.00,2025-06-23 14:33:45.714173
377,0.00010000,0.00,1000000000.00000000,100000.00,1000.00,2025-06-23 14:38:46.229173
378,0.00010000,0.00,1000000000.00000000,100000.00,1000.00,2025-06-23 14:43:45.933765
379,0.00010000,0.00,1000000000.00000000,100000.00,1000.00,2025-06-23 14:48:45.927967
380,0.00010000,0.00,1000000000.00000000,100000.00,1000.00,2025-06-23 14:53:46.424968
381,0.00010000,0.00,1000000000.00000000,100000.00,1000.00,2025-06-23 14:58:46.428814
382,0.00010000,0.00,1000000000.00000000,100000.00,1000.00,2025-06-23 15:03:46.442498
383,0.00010000,0.00,1000000000.00000000,100000.00,1000.00,2025-06-23 15:08:46.903261
384,0.00010000,0.00,1000000000.00000000,100000.00,1000.00,2025-06-23 15:13:46.659007
385,0.00010000,0.00,1000000000.00000000,100000.00,1000.00,2025-06-23 15:18:46.005607
386,0.00010000,0.00,1000000000.00000000,100000.00,1000.00,2025-06-23 15:23:46.891312
387,0.00010000,0.00,1000000000.00000000,100000.00,1000.00,2025-06-23 15:28:47.093263
388,0.00010000,0.00,1000000000.00000000,100000.00,1000.00,2025-06-23 15:33:44.741126
389,0.00010000,0.00,1000000000.00000000,100000.00,1000.00,2025-06-23 15:38:45.826727
390,0.00010000,0.00,1000000000.00000000,100000.00,1000.00,2025-06-23 15:43:46.387567
391,0.00010000,0.00,1000000000.00000000,100000.00,1000.00,2025-06-23 15:48:45.886397
392,0.00010000,0.00,1000000000.00000000,100000.00,1000.00,2025-06-23 15:55:06.399536
393,0.00010000,0.00,1000000000.00000000,100000.00,1000.00,2025-06-23 16:00:10.66573
394,0.00010000,0.00,1000000000.00000000,100000.00,1000.00,2025-06-23 16:05:09.564024
395,0.00010000,0.00,1000000000.00000000,100000.00,1000.00,2025-06-23 16:10:10.437777
396,0.00010000,0.00,1000000000.00000000,100000.00,1000.00,2025-06-23 16:15:09.16364
397,0.00010000,0.00,1000000000.00000000,100000.00,1000.00,2025-06-23 16:20:09.585235
398,0.00010000,0.00,1000000000.00000000,100000.00,1000.00,2025-06-23 16:25:09.562083
399,0.00010000,0.00,1000000000.00000000,100000.00,1000.00,2025-06-23 16:30:09.164001
400,0.00010000,0.00,1000000000.00000000,100000.00,1000.00,2025-06-23 16:35:08.863211
401,0.00010000,0.00,1000000000.00000000,100000.00,1000.00,2025-06-23 16:37:15.211594
402,0.00010000,0.00,1000000000.00000000,100000.00,1000.00,2025-06-23 16:40:10.958414
403,0.00010000,0.00,1000000000.00000000,100000.00,1000.00,2025-06-23 16:42:14.304939
404,0.00010000,0.00,1000000000.00000000,100000.00,1000.00,2025-06-23 16:45:11.320562
405,0.00010000,0.00,1000000000.00000000,100000.00,1000.00,2025-06-23 16:47:14.274809
406,0.00010000,0.00,1000000000.00000000,100000.00,1000.00,2025-06-23 16:50:09.264577
407,0.00010000,0.00,1000000000.00000000,100000.00,1000.00,2025-06-23 16:52:14.371789
408,0.00010000,0.00,1000000000.00000000,100000.00,1000.00,2025-06-23 16:55:10.461912
409,0.00010000,0.00,1000000000.00000000,100000.00,1000.00,2025-06-23 16:57:14.307583
410,0.00010000,0.00,1000000000.00000000,100000.00,1000.00,2025-06-23 17:01:52.076519
411,0.00010000,0.00,1000000000.00000000,100000.00,1000.00,2025-06-23 17:02:13.852122
412,0.00010000,0.00,1000000000.00000000,100000.00,1000.00,2025-06-23 17:06:57.187645
413,0.00010000,0.00,1000000000.00000000,100000.00,1000.00,2025-06-23 17:07:13.90789
414,0.00010000,0.00,1000000000.00000000,100000.00,1000.00,2025-06-23 17:11:54.619702
415,0.00010000,0.00,1000000000.00000000,100000.00,1000.00,2025-06-23 17:12:13.867261
416,0.00010000,0.00,1000000000.00000000,100000.00,1000.00,2025-06-23 17:16:54.406515
417,0.00010000,0.00,1000000000.00000000,100000.00,1000.00,2025-06-23 17:21:55.119854
418,0.00010000,0.00,1000000000.00000000,100000.00,1000.00,2025-06-23 17:26:55.399241
419,0.00010000,0.00,1000000000.00000000,100000.00,1000.00,2025-06-23 17:31:55.317386
420,0.00010000,0.00,1000000000.00000000,100000.00,1000.00,2025-06-23 17:33:12.698506
421,0.00010000,0.00,1000000000.00000000,100000.00,1000.00,2025-06-23 17:36:54.817488
422,0.00010000,0.00,1000000000.00000000,100000.00,1000.00,2025-06-23 17:38:11.740523
423,0.00010000,0.00,1000000000.00000000,100000.00,1000.00,2025-06-23 17:41:55.918766
424,0.00010000,0.00,1000000000.00000000,100000.00,1000.00,2025-06-23 17:46:54.718097
425,0.00010000,0.00,1000000000.00000000,100000.00,1000.00,2025-06-23 17:51:54.918694
426,0.00010000,0.00,1000000000.00000000,100000.00,1000.00,2025-06-23 17:56:54.619146
427,0.00010000,0.00,1000000000.00000000,100000.00,1000.00,2025-06-23 18:01:54.468111
428,0.00010000,0.00,1000000000.00000000,100000.00,1000.00,2025-06-23 18:06:55.419521
429,0.00010000,0.00,1000000000.00000000,100000.00,1000.00,2025-06-23 18:11:55.818596
430,0.00010000,0.00,1000000000.00000000,100000.00,1000.00,2025-06-23 18:16:56.094358
431,0.00010000,0.00,1000000000.00000000,100000.00,1000.00,2025-06-23 18:21:54.318682
432,0.00010000,0.00,1000000000.00000000,100000.00,1000.00,2025-06-23 18:26:56.019173
433,0.00010000,0.00,1000000000.00000000,100000.00,1000.00,2025-06-23 18:31:54.889027
434,0.00010000,0.00,1000000000.00000000,100000.00,1000.00,2025-06-23 18:36:54.518341
435,0.00010000,0.00,1000000000.00000000,100000.00,1000.00,2025-06-23 18:41:55.890854
436,0.00010000,0.00,1000000000.00000000,100000.00,1000.00,2025-06-23 18:46:55.519374
437,0.00010000,0.00,1000000000.00000000,100000.00,1000.00,2025-06-23 18:51:54.514334
438,0.00010000,0.00,1000000000.00000000,100000.00,1000.00,2025-06-23 18:56:54.616673
439,0.00010000,0.00,1000000000.00000000,100000.00,1000.00,2025-06-23 19:01:55.082121
440,0.00010000,0.00,1000000000.00000000,100000.00,1000.00,2025-06-23 19:06:55.218701
441,0.00010000,0.00,1000000000.00000000,100000.00,1000.00,2025-06-23 19:11:54.819282
442,0.00010000,0.00,1000000000.00000000,100000.00,1000.00,2025-06-23 19:16:54.320647
443,0.00010000,0.00,1000000000.00000000,100000.00,1000.00,2025-06-23 19:21:55.41804
444,0.00010000,0.00,1000000000.00000000,100000.00,1000.00,2025-06-23 19:26:54.918214
445,0.00010000,0.00,1000000000.00000000,100000.00,1000.00,2025-06-23 19:31:54.987795
446,0.00010000,0.00,1000000000.00000000,100000.00,1000.00,2025-06-23 19:36:55.501992
447,0.00010000,0.00,1000000000.00000000,100000.00,1000.00,2025-06-23 19:41:54.918594
448,0.00010000,0.00,1000000000.00000000,100000.00,1000.00,2025-06-23 19:47:03.120341
449,0.00010000,0.00,1000000000.00000000,100000.00,1000.00,2025-06-23 19:51:55.573703
450,0.00010000,0.00,1000000000.00000000,100000.00,1000.00,2025-06-23 19:56:54.930052
451,0.00010000,0.00,1000000000.00000000,100000.00,1000.00,2025-06-23 20:01:55.217638
452,0.00010000,0.00,1000000000.00000000,100000.00,1000.00,2025-06-23 20:06:54.81852
453,0.00010000,0.00,1000000000.00000000,100000.00,1000.00,2025-06-23 20:11:54.819109
454,0.00010000,0.00,1000000000.00000000,100000.00,1000.00,2025-06-23 20:16:54.81874
455,0.00010000,0.00,1000000000.00000000,100000.00,1000.00,2025-06-23 20:21:55.318059
456,0.00010000,0.00,1000000000.00000000,100000.00,1000.00,2025-06-23 20:26:56.464222
457,0.00010000,0.00,1000000000.00000000,100000.00,1000.00,2025-06-23 20:31:55.386249
458,0.00010000,0.00,1000000000.00000000,100000.00,1000.00,2025-06-23 20:36:54.918224
459,0.00010000,0.00,1000000000.00000000,100000.00,1000.00,2025-06-23 20:41:54.790307
460,0.00010000,0.00,1000000000.00000000,100000.00,1000.00,2025-06-23 20:46:55.775251
461,0.00010000,0.00,1000000000.00000000,100000.00,1000.00,2025-06-23 20:51:54.545945
462,0.00010000,0.00,1000000000.00000000,100000.00,1000.00,2025-06-23 20:56:55.092376
463,0.00010000,0.00,1000000000.00000000,100000.00,1000.00,2025-06-23 21:01:54.725697
464,0.00010000,0.00,1000000000.00000000,100000.00,1000.00,2025-06-23 21:06:54.818809
465,0.00010000,0.00,1000000000.00000000,100000.00,1000.00,2025-06-23 21:11:55.221208
466,0.00010000,0.00,1000000000.00000000,100000.00,1000.00,2025-06-23 21:16:55.419419
467,0.00010000,0.00,1000000000.00000000,100000.00,1000.00,2025-06-23 21:21:55.618656
468,0.00010000,0.00,1000000000.00000000,100000.00,1000.00,2025-06-23 21:26:56.276182
469,0.00010000,0.00,1000000000.00000000,100000.00,1000.00,2025-06-23 21:31:55.957201
470,0.00010000,0.00,1000000000.00000000,100000.00,1000.00,2025-06-23 21:36:55.795209
471,0.00010000,0.00,1000000000.00000000,100000.00,1000.00,2025-06-23 21:41:56.065547
472,0.00010000,0.00,1000000000.00000000,100000.00,1000.00,2025-06-23 21:46:54.860973
473,0.00010000,0.00,1000000000.00000000,100000.00,1000.00,2025-06-23 21:51:54.774606
474,0.00010000,0.00,1000000000.00000000,100000.00,1000.00,2025-06-23 21:56:55.917865
475,0.00010000,0.00,1000000000.00000000,100000.00,1000.00,2025-06-23 22:01:56.01864
476,0.00010000,0.00,1000000000.00000000,100000.00,1000.00,2025-06-23 22:06:56.917726
477,0.00010000,0.00,1000000000.00000000,100000.00,1000.00,2025-06-23 22:11:54.7427
478,0.00010000,0.00,1000000000.00000000,100000.00,1000.00,2025-06-23 22:16:56.019134
479,0.00010000,0.00,1000000000.00000000,100000.00,1000.00,2025-06-23 22:21:56.748441
480,0.00010000,0.00,1000000000.00000000,100000.00,1000.00,2025-06-23 22:26:54.718811
481,0.00010000,0.00,1000000000.00000000,100000.00,1000.00,2025-06-23 22:31:55.618061
482,0.00010000,0.00,1000000000.00000000,100000.00,1000.00,2025-06-23 22:36:55.122457
483,0.00010000,0.00,1000000000.00000000,100000.00,1000.00,2025-06-23 22:41:55.598376
484,0.00010000,0.00,1000000000.00000000,100000.00,1000.00,2025-06-23 22:46:55.507627
485,0.00010000,0.00,1000000000.00000000,100000.00,1000.00,2025-06-23 22:51:55.396975
486,0.00010000,0.00,1000000000.00000000,100000.00,1000.00,2025-06-23 22:56:57.219304
487,0.00010000,0.00,1000000000.00000000,100000.00,1000.00,2025-06-23 23:01:55.800185
488,0.00010000,0.00,1000000000.00000000,100000.00,1000.00,2025-06-23 23:06:55.201308
489,0.00010000,0.00,1000000000.00000000,100000.00,1000.00,2025-06-23 23:11:58.020563
490,0.00010000,0.00,1000000000.00000000,100000.00,1000.00,2025-06-23 23:16:56.18695
491,0.00010000,0.00,1000000000.00000000,100000.00,1000.00,2025-06-23 23:21:55.588335
492,0.00010000,0.00,1000000000.00000000,100000.00,1000.00,2025-06-23 23:26:55.917972
493,0.00010000,0.00,1000000000.00000000,100000.00,1000.00,2025-06-23 23:31:54.821748
494,0.00010000,0.00,1000000000.00000000,100000.00,1000.00,2025-06-23 23:36:55.781924
495,0.00010000,0.00,1000000000.00000000,100000.00,1000.00,2025-06-23 23:41:55.918634
496,0.00010000,0.00,1000000000.00000000,100000.00,1000.00,2025-06-23 23:46:56.59247
497,0.00010000,0.00,1000000000.00000000,100000.00,1000.00,2025-06-23 23:51:55.019512
498,0.00010000,0.00,1000000000.00000000,100000.00,1000.00,2025-06-23 23:56:54.840285
499,0.00010000,0.00,1000000000.00000000,100000.00,1000.00,2025-06-24 00:01:55.168246
500,0.00010000,0.00,1000000000.00000000,100000.00,1000.00,2025-06-24 00:06:54.905945
501,0.00010000,0.00,1000000000.00000000,100000.00,1000.00,2025-06-24 00:11:54.98008
502,0.00010000,0.00,1000000000.00000000,100000.00,1000.00,2025-06-24 00:16:55.525811
503,0.00010000,0.00,1000000000.00000000,100000.00,1000.00,2025-06-24 00:21:57.218372
504,0.00010000,0.00,1000000000.00000000,100000.00,1000.00,2025-06-24 00:26:55.509252
505,0.00010000,0.00,1000000000.00000000,100000.00,1000.00,2025-06-24 00:31:55.485383
506,0.00010000,0.00,1000000000.00000000,100000.00,1000.00,2025-06-24 00:36:55.780335
507,0.00010000,0.00,1000000000.00000000,100000.00,1000.00,2025-06-24 00:39:09.184091
508,0.00010000,0.00,1000000000.00000000,100000.00,1000.00,2025-06-24 00:44:11.381442
509,0.00010000,0.00,1000000000.00000000,100000.00,1000.00,2025-06-24 00:49:09.455203
510,0.00010000,0.00,1000000000.00000000,100000.00,1000.00,2025-06-24 00:54:09.451163
511,0.00010000,0.00,1000000000.00000000,100000.00,1000.00,2025-06-24 00:59:09.362191
512,0.00010000,0.00,1000000000.00000000,100000.00,1000.00,2025-06-24 01:04:09.681619
513,0.00010000,0.00,1000000000.00000000,100000.00,1000.00,2025-06-24 01:09:09.182963
514,0.00010000,0.00,1000000000.00000000,100000.00,1000.00,2025-06-24 01:14:09.081165
515,0.00010000,0.00,1000000000.00000000,100000.00,1000.00,2025-06-24 01:19:09.783573
516,0.00010000,0.00,1000000000.00000000,100000.00,1000.00,2025-06-24 01:24:09.732126
517,0.00010000,0.00,1000000000.00000000,100000.00,1000.00,2025-06-24 01:29:09.882002
518,0.00010000,0.00,1000000000.00000000,100000.00,1000.00,2025-06-24 01:34:09.880935
519,0.00010000,0.00,1000000000.00000000,100000.00,1000.00,2025-06-24 01:39:09.081607
520,0.00010000,0.00,1000000000.00000000,100000.00,1000.00,2025-06-24 01:44:09.745035
521,0.00010000,0.00,1000000000.00000000,100000.00,1000.00,2025-06-24 01:49:10.581816
522,0.00010000,0.00,1000000000.00000000,100000.00,1000.00,2025-06-24 01:54:09.058432
523,0.00010000,0.00,1000000000.00000000,100000.00,1000.00,2025-06-24 01:59:09.78148
524,0.00010000,0.00,1000000000.00000000,100000.00,1000.00,2025-06-24 02:04:11.281461
525,0.00010000,0.00,1000000000.00000000,100000.00,1000.00,2025-06-24 02:09:09.980772
526,0.00010000,0.00,1000000000.00000000,100000.00,1000.00,2025-06-24 02:14:09.039798
527,0.00010000,0.00,1000000000.00000000,100000.00,1000.00,2025-06-24 02:19:10.081419
528,0.00010000,0.00,1000000000.00000000,100000.00,1000.00,2025-06-24 02:24:09.037643
529,0.00010000,0.00,1000000000.00000000,100000.00,1000.00,2025-06-24 02:29:09.683228
530,0.00010000,0.00,1000000000.00000000,100000.00,1000.00,2025-06-24 02:34:09.980773
531,0.00010000,0.00,1000000000.00000000,100000.00,1000.00,2025-06-24 02:39:09.08168
532,0.00010000,0.00,1000000000.00000000,100000.00,1000.00,2025-06-24 02:44:09.974846
533,0.00010000,0.00,1000000000.00000000,100000.00,1000.00,2025-06-24 02:49:09.283214
534,0.00010000,0.00,1000000000.00000000,100000.00,1000.00,2025-06-24 02:54:09.282477
535,0.00010000,0.00,1000000000.00000000,100000.00,1000.00,2025-06-24 02:59:10.080401
536,0.00010000,0.00,1000000000.00000000,100000.00,1000.00,2025-06-24 03:04:10.29872
537,0.00010000,0.00,1000000000.00000000,100000.00,1000.00,2025-06-24 03:09:10.096199
538,0.00010000,0.00,1000000000.00000000,100000.00,1000.00,2025-06-24 03:14:09.881895
539,0.00010000,0.00,1000000000.00000000,100000.00,1000.00,2025-06-24 03:19:09.901874
540,0.00010000,0.00,1000000000.00000000,100000.00,1000.00,2025-06-24 03:24:11.682175
541,0.00010000,0.00,1000000000.00000000,100000.00,1000.00,2025-06-24 03:29:10.581551
542,0.00010000,0.00,1000000000.00000000,100000.00,1000.00,2025-06-24 03:34:10.422328
543,0.00010000,0.00,1000000000.00000000,100000.00,1000.00,2025-06-24 03:39:09.581407
544,0.00010000,0.00,1000000000.00000000,100000.00,1000.00,2025-06-24 03:44:09.080751
545,0.00010000,0.00,1000000000.00000000,100000.00,1000.00,2025-06-24 03:49:09.947961
546,0.00010000,0.00,1000000000.00000000,100000.00,1000.00,2025-06-24 03:54:09.902519
547,0.00010000,0.00,1000000000.00000000,100000.00,1000.00,2025-06-24 03:59:10.185488
548,0.00010000,0.00,1000000000.00000000,100000.00,1000.00,2025-06-24 04:04:10.046835
549,0.00010000,0.00,1000000000.00000000,100000.00,1000.00,2025-06-24 04:09:09.659855
550,0.00010000,0.00,1000000000.00000000,100000.00,1000.00,2025-06-24 04:14:10.381981
551,0.00010000,0.00,1000000000.00000000,100000.00,1000.00,2025-06-24 04:19:09.554756
552,0.00010000,0.00,1000000000.00000000,100000.00,1000.00,2025-06-24 04:24:09.981223
553,0.00010000,0.00,1000000000.00000000,100000.00,1000.00,2025-06-24 04:29:10.682147
554,0.00010000,0.00,1000000000.00000000,100000.00,1000.00,2025-06-24 04:34:09.281023
555,0.00010000,0.00,1000000000.00000000,100000.00,1000.00,2025-06-24 04:39:09.472286
556,0.00010000,0.00,1000000000.00000000,100000.00,1000.00,2025-06-24 04:44:10.281122
557,0.00010000,0.00,1000000000.00000000,100000.00,1000.00,2025-06-24 04:49:09.780256
558,0.00010000,0.00,1000000000.00000000,100000.00,1000.00,2025-06-24 04:54:09.580115
559,0.00010000,0.00,1000000000.00000000,100000.00,1000.00,2025-06-24 04:59:10.846101
560,0.00010000,0.00,1000000000.00000000,100000.00,1000.00,2025-06-24 05:04:10.647754
561,0.00010000,0.00,1000000000.00000000,100000.00,1000.00,2025-06-24 05:09:11.082357
562,0.00010000,0.00,1000000000.00000000,100000.00,1000.00,2025-06-24 05:14:09.96421
563,0.00010000,0.00,1000000000.00000000,100000.00,1000.00,2025-06-24 05:19:09.442729
564,0.00010000,0.00,1000000000.00000000,100000.00,1000.00,2025-06-24 05:24:09.600547
565,0.00010000,0.00,1000000000.00000000,100000.00,1000.00,2025-06-24 05:29:09.763573
566,0.00010000,0.00,1000000000.00000000,100000.00,1000.00,2025-06-24 05:34:12.057251
567,0.00010000,0.00,1000000000.00000000,100000.00,1000.00,2025-06-24 05:39:09.783666
568,0.00010000,0.00,1000000000.00000000,100000.00,1000.00,2025-06-24 05:44:09.681416
569,0.00010000,0.00,1000000000.00000000,100000.00,1000.00,2025-06-24 05:49:10.329035
570,0.00010000,0.00,1000000000.00000000,100000.00,1000.00,2025-06-24 05:54:09.981885
571,0.00010000,0.00,1000000000.00000000,100000.00,1000.00,2025-06-24 05:59:09.780859
572,0.00010000,0.00,1000000000.00000000,100000.00,1000.00,2025-06-24 06:04:09.392541
573,0.00010000,0.00,1000000000.00000000,100000.00,1000.00,2025-06-24 06:09:09.96439
574,0.00010000,0.00,1000000000.00000000,100000.00,1000.00,2025-06-24 06:14:09.58158
575,0.00010000,0.00,1000000000.00000000,100000.00,1000.00,2025-06-24 06:19:09.936993
576,0.00010000,0.00,1000000000.00000000,100000.00,1000.00,2025-06-24 06:24:10.247971
577,0.00010000,0.00,1000000000.00000000,100000.00,1000.00,2025-06-24 06:29:10.820325
578,0.00010000,0.00,1000000000.00000000,100000.00,1000.00,2025-06-24 06:34:11.980708
579,0.00010000,0.00,1000000000.00000000,100000.00,1000.00,2025-06-24 06:39:10.080628
580,0.00010000,0.00,1000000000.00000000,100000.00,1000.00,2025-06-24 06:44:10.581259
581,0.00010000,0.00,1000000000.00000000,100000.00,1000.00,2025-06-24 06:49:09.940304
582,0.00010000,0.00,1000000000.00000000,100000.00,1000.00,2025-06-24 06:54:18.673087
583,0.00010000,0.00,1000000000.00000000,100000.00,1000.00,2025-06-24 06:59:09.883426
584,0.00010000,0.00,1000000000.00000000,100000.00,1000.00,2025-06-24 07:04:09.781055
585,0.00010000,0.00,1000000000.00000000,100000.00,1000.00,2025-06-24 07:09:10.684592
586,0.00010000,0.00,1000000000.00000000,100000.00,1000.00,2025-06-24 07:14:09.970072
587,0.00010000,0.00,1000000000.00000000,100000.00,1000.00,2025-06-24 07:19:10.786439
588,0.00010000,0.00,1000000000.00000000,100000.00,1000.00,2025-06-24 07:24:08.483634
589,0.00010000,0.00,1000000000.00000000,100000.00,1000.00,2025-06-24 07:29:10.483422
590,0.00010000,0.00,1000000000.00000000,100000.00,1000.00,2025-06-24 07:34:09.578369
591,0.00010000,0.00,1000000000.00000000,100000.00,1000.00,2025-06-24 07:39:09.982075
592,0.00010000,0.00,1000000000.00000000,100000.00,1000.00,2025-06-24 07:39:10.12535
593,0.00010000,0.00,1000000000.00000000,100000.00,1000.00,2025-06-24 07:40:56.002769
594,0.00010000,0.00,1000000000.00000000,100000.00,1000.00,2025-06-24 07:44:05.081625
595,0.00010000,0.00,1000000000.00000000,100000.00,1000.00,2025-06-24 07:46:02.755425
596,0.00010000,0.00,1000000000.00000000,100000.00,1000.00,2025-06-24 07:49:05.03947
597,0.00010000,0.00,1000000000.00000000,100000.00,1000.00,2025-06-24 07:51:01.354322
598,0.00010000,0.00,1000000000.00000000,100000.00,1000.00,2025-06-24 07:54:05.074443
599,0.00010000,0.00,1000000000.00000000,100000.00,1000.00,2025-06-24 07:55:58.954413
600,0.00010000,0.00,1000000000.00000000,100000.00,1000.00,2025-06-24 07:59:07.008303
601,0.00010000,0.00,1000000000.00000000,100000.00,1000.00,2025-06-24 08:00:59.355882
602,0.00010000,0.00,1000000000.00000000,100000.00,1000.00,2025-06-24 08:04:05.098403
603,0.00010000,0.00,1000000000.00000000,100000.00,1000.00,2025-06-24 08:05:58.954342
604,0.00010000,0.00,1000000000.00000000,100000.00,1000.00,2025-06-24 08:09:05.025354
605,0.00010000,0.00,1000000000.00000000,100000.00,1000.00,2025-06-24 08:13:05.256512
606,0.00010000,0.00,1000000000.00000000,100000.00,1000.00,2025-06-24 08:14:05.81458
607,0.00010000,0.00,1000000000.00000000,100000.00,1000.00,2025-06-24 08:18:09.644863
608,0.00010000,0.00,1000000000.00000000,100000.00,1000.00,2025-06-24 08:19:04.628364
609,0.00010000,0.00,1000000000.00000000,100000.00,1000.00,2025-06-24 08:23:07.844936
610,0.00010000,0.00,1000000000.00000000,100000.00,1000.00,2025-06-24 08:24:04.604366
611,0.00010000,0.00,1000000000.00000000,100000.00,1000.00,2025-06-24 08:28:08.645823
612,0.00010000,0.00,1000000000.00000000,100000.00,1000.00,2025-06-24 08:29:04.72166
613,0.00010000,0.00,1000000000.00000000,100000.00,1000.00,2025-06-24 08:33:08.624825
614,0.00010000,0.00,1000000000.00000000,100000.00,1000.00,2025-06-24 08:34:04.63532
615,0.00010000,0.00,1000000000.00000000,100000.00,1000.00,2025-06-24 08:38:08.346178
616,0.00010000,0.00,1000000000.00000000,100000.00,1000.00,2025-06-24 08:39:04.69189
617,0.00010000,0.00,1000000000.00000000,100000.00,1000.00,2025-06-24 08:43:08.644532
618,0.00010000,0.00,1000000000.00000000,100000.00,1000.00,2025-06-24 08:44:04.652479
619,0.00010000,0.00,1000000000.00000000,100000.00,1000.00,2025-06-24 08:48:08.145081
620,0.00010000,0.00,1000000000.00000000,100000.00,1000.00,2025-06-24 08:49:04.697834
621,0.00010000,0.00,1000000000.00000000,100000.00,1000.00,2025-06-24 08:53:08.744857
622,0.00010000,0.00,1000000000.00000000,100000.00,1000.00,2025-06-24 08:54:04.718845
623,0.00010000,0.00,1000000000.00000000,100000.00,1000.00,2025-06-24 08:58:08.744761
624,0.00010000,0.00,1000000000.00000000,100000.00,1000.00,2025-06-24 08:59:04.646452
625,0.00010000,0.00,1000000000.00000000,100000.00,1000.00,2025-06-24 09:03:07.8454
626,0.00010000,0.00,1000000000.00000000,100000.00,1000.00,2025-06-24 09:04:05.076447
627,0.00010000,0.00,1000000000.00000000,100000.00,1000.00,2025-06-24 09:08:08.229176
628,0.00010000,0.00,1000000000.00000000,100000.00,1000.00,2025-06-24 09:09:04.706714
629,0.00010000,0.00,1000000000.00000000,100000.00,1000.00,2025-06-24 09:13:08.646955
630,0.00010000,0.00,1000000000.00000000,100000.00,1000.00,2025-06-24 09:14:04.686341
631,0.00010000,0.00,1000000000.00000000,100000.00,1000.00,2025-06-24 09:18:08.844405
632,0.00010000,0.00,1000000000.00000000,100000.00,1000.00,2025-06-24 09:19:04.677435
633,0.00010000,0.00,1000000000.00000000,100000.00,1000.00,2025-06-24 09:23:08.044864
634,0.00010000,0.00,1000000000.00000000,100000.00,1000.00,2025-06-24 09:24:04.657969
635,0.00010000,0.00,1000000000.00000000,100000.00,1000.00,2025-06-24 09:28:07.861509
636,0.00010000,0.00,1000000000.00000000,100000.00,1000.00,2025-06-24 09:29:04.691507
637,0.00010000,0.00,1000000000.00000000,100000.00,1000.00,2025-06-24 09:33:08.747546
638,0.00010000,0.00,1000000000.00000000,100000.00,1000.00,2025-06-24 09:34:04.656092
639,0.00010000,0.00,1000000000.00000000,100000.00,1000.00,2025-06-24 09:38:11.177755
640,0.00010000,0.00,1000000000.00000000,100000.00,1000.00,2025-06-24 09:43:09.230162
641,0.00010000,0.00,1000000000.00000000,100000.00,1000.00,2025-06-24 09:48:08.244345
642,0.00010000,0.00,1000000000.00000000,100000.00,1000.00,2025-06-24 09:53:09.946377
643,0.00010000,0.00,1000000000.00000000,100000.00,1000.00,2025-06-24 09:58:07.746119
644,0.00010000,0.00,1000000000.00000000,100000.00,1000.00,2025-06-24 10:03:09.045362
645,0.00010000,0.00,1000000000.00000000,100000.00,1000.00,2025-06-24 10:08:08.845918
646,0.00010000,0.00,1000000000.00000000,100000.00,1000.00,2025-06-24 10:13:07.742846
647,0.00010000,0.00,1000000000.00000000,100000.00,1000.00,2025-06-24 10:18:08.645609
648,0.00010000,0.00,1000000000.00000000,100000.00,1000.00,2025-06-24 10:23:08.344883
649,0.00010000,0.00,1000000000.00000000,100000.00,1000.00,2025-06-24 10:28:08.446791
650,0.00010000,0.00,1000000000.00000000,100000.00,1000.00,2025-06-24 10:33:07.951133
651,0.00010000,0.00,1000000000.00000000,100000.00,1000.00,2025-06-24 10:38:08.729187
652,0.00010000,0.00,1000000000.00000000,100000.00,1000.00,2025-06-24 10:43:08.200987
653,0.00010000,0.00,1000000000.00000000,100000.00,1000.00,2025-06-24 10:48:08.291328
654,0.00010000,0.00,1000000000.00000000,100000.00,1000.00,2025-06-24 10:53:08.424151
655,0.00010000,0.00,1000000000.00000000,100000.00,1000.00,2025-06-24 10:58:08.044494
656,0.00010000,0.00,1000000000.00000000,100000.00,1000.00,2025-06-24 11:03:09.943867
657,0.00010000,0.00,1000000000.00000000,100000.00,1000.00,2025-06-24 11:08:10.045908
658,0.00010000,0.00,1000000000.00000000,100000.00,1000.00,2025-06-24 11:13:09.044372
659,0.00010000,0.00,1000000000.00000000,100000.00,1000.00,2025-06-24 11:18:08.74583
660,0.00010000,0.00,1000000000.00000000,100000.00,1000.00,2025-06-24 11:23:08.682019
661,0.00010000,0.00,1000000000.00000000,100000.00,1000.00,2025-06-24 11:28:08.144787
662,0.00010000,0.00,1000000000.00000000,100000.00,1000.00,2025-06-24 11:33:09.426016
663,0.00010000,0.00,1000000000.00000000,100000.00,1000.00,2025-06-24 11:38:08.835935
664,0.00010000,0.00,1000000000.00000000,100000.00,1000.00,2025-06-24 11:43:09.444779
665,0.00010000,0.00,1000000000.00000000,100000.00,1000.00,2025-06-24 11:48:09.245135
666,0.00010000,0.00,1000000000.00000000,100000.00,1000.00,2025-06-24 11:53:07.643761
667,0.00010000,0.00,1000000000.00000000,100000.00,1000.00,2025-06-24 11:58:08.344435
668,0.00010000,0.00,1000000000.00000000,100000.00,1000.00,2025-06-24 12:03:08.345325
669,0.00010000,0.00,1000000000.00000000,100000.00,1000.00,2025-06-24 12:08:08.252086
670,0.00010000,0.00,1000000000.00000000,100000.00,1000.00,2025-06-24 12:13:08.7444
671,0.00010000,0.00,1000000000.00000000,100000.00,1000.00,2025-06-24 12:18:08.343274
672,0.00010000,0.00,1000000000.00000000,100000.00,1000.00,2025-06-24 12:23:09.246232
673,0.00010000,0.00,1000000000.00000000,100000.00,1000.00,2025-06-24 12:28:09.045495
674,0.00010000,0.00,1000000000.00000000,100000.00,1000.00,2025-06-24 12:33:09.334373
675,0.00010000,0.00,1000000000.00000000,100000.00,1000.00,2025-06-24 12:38:09.246781
676,0.00010000,0.00,1000000000.00000000,100000.00,1000.00,2025-06-24 12:43:09.648081
677,0.00010000,0.00,1000000000.00000000,100000.00,1000.00,2025-06-24 12:48:08.51057
678,0.00010000,0.00,1000000000.00000000,100000.00,1000.00,2025-06-24 12:53:08.89791
679,0.00010000,0.00,1000000000.00000000,100000.00,1000.00,2025-06-24 12:58:08.849035
680,0.00010000,0.00,1000000000.00000000,100000.00,1000.00,2025-06-24 13:03:08.408196
681,0.00010000,0.00,1000000000.00000000,100000.00,1000.00,2025-06-24 13:08:09.743857
682,0.00010000,0.00,1000000000.00000000,100000.00,1000.00,2025-06-24 13:13:08.860325
683,0.00010000,0.00,1000000000.00000000,100000.00,1000.00,2025-06-24 13:15:47.266944
684,0.00010000,0.00,1000000000.00000000,100000.00,1000.00,2025-06-24 13:20:47.212396
685,0.00010000,0.00,1000000000.00000000,100000.00,1000.00,2025-06-24 13:25:45.968739
686,0.00010000,0.00,1000000000.00000000,100000.00,1000.00,2025-06-24 13:30:46.466152
687,0.00010000,0.00,1000000000.00000000,100000.00,1000.00,2025-06-24 13:35:46.243482
688,0.00010000,0.00,1000000000.00000000,100000.00,1000.00,2025-06-24 13:40:45.968636
689,0.00010000,0.00,1000000000.00000000,100000.00,1000.00,2025-06-24 13:45:45.966977
690,0.00010000,0.00,1000000000.00000000,100000.00,1000.00,2025-06-24 13:50:45.867446
691,0.00010000,0.00,1000000000.00000000,100000.00,1000.00,2025-06-24 13:55:45.565668
692,0.00010000,0.00,1000000000.00000000,100000.00,1000.00,2025-06-24 14:00:46.048752
693,0.00010000,0.00,1000000000.00000000,100000.00,1000.00,2025-06-24 14:05:45.669158
694,0.00010000,0.00,1000000000.00000000,100000.00,1000.00,2025-06-24 14:10:45.233303
695,0.00010000,0.00,1000000000.00000000,100000.00,1000.00,2025-06-24 14:15:45.830246
696,0.00010000,0.00,1000000000.00000000,100000.00,1000.00,2025-06-24 14:20:46.058332
697,0.00010000,0.00,1000000000.00000000,100000.00,1000.00,2025-06-24 14:25:46.267164
698,0.00010000,0.00,1000000000.00000000,100000.00,1000.00,2025-06-24 14:30:46.968369
699,0.00010000,0.00,1000000000.00000000,100000.00,1000.00,2025-06-24 14:35:47.227705
700,0.00010000,0.00,1000000000.00000000,100000.00,1000.00,2025-06-24 14:40:46.667289
701,0.00010000,0.00,1000000000.00000000,100000.00,1000.00,2025-06-24 14:45:45.468106
702,0.00010000,0.00,1000000000.00000000,100000.00,1000.00,2025-06-24 14:50:46.512761
703,0.00010000,0.00,1000000000.00000000,100000.00,1000.00,2025-06-24 14:55:45.565347
704,0.00010000,0.00,1000000000.00000000,100000.00,1000.00,2025-06-24 15:00:45.873238
705,0.00010000,0.00,1000000000.00000000,100000.00,1000.00,2025-06-24 15:05:48.113432
706,0.00010000,0.00,1000000000.00000000,100000.00,1000.00,2025-06-24 15:10:46.467338
707,0.00010000,0.00,1000000000.00000000,100000.00,1000.00,2025-06-24 15:15:45.936188
708,0.00010000,0.00,1000000000.00000000,100000.00,1000.00,2025-06-24 15:20:48.36724
709,0.00010000,0.00,1000000000.00000000,100000.00,1000.00,2025-06-24 15:25:48.924336
710,0.00010000,0.00,1000000000.00000000,100000.00,1000.00,2025-06-24 15:30:46.317191
711,0.00010000,0.00,1000000000.00000000,100000.00,1000.00,2025-06-24 15:35:45.916319
712,0.00010000,0.00,1000000000.00000000,100000.00,1000.00,2025-06-24 15:40:46.453113
713,0.00010000,0.00,1000000000.00000000,100000.00,1000.00,2025-06-24 15:45:45.966507
714,0.00010000,0.00,1000000000.00000000,100000.00,1000.00,2025-06-24 15:50:46.267059
715,0.00010000,0.00,1000000000.00000000,100000.00,1000.00,2025-06-24 15:55:46.070144
716,0.00010000,0.00,1000000000.00000000,100000.00,1000.00,2025-06-24 16:00:47.469464
717,0.00010000,0.00,1000000000.00000000,100000.00,1000.00,2025-06-24 16:05:46.513223
718,0.00010000,0.00,1000000000.00000000,100000.00,1000.00,2025-06-24 16:10:45.466746
719,0.00010000,0.00,1000000000.00000000,100000.00,1000.00,2025-06-24 16:15:46.085496
720,0.00010000,0.00,1000000000.00000000,100000.00,1000.00,2025-06-24 16:20:45.665377
721,0.00010000,0.00,1000000000.00000000,100000.00,1000.00,2025-06-24 16:25:46.768836
722,0.00010000,0.00,1000000000.00000000,100000.00,1000.00,2025-06-24 16:30:46.125728
723,0.00010000,0.00,1000000000.00000000,100000.00,1000.00,2025-06-24 16:35:46.448172
724,0.00010000,0.00,1000000000.00000000,100000.00,1000.00,2025-06-24 16:40:46.667381
725,0.00010000,0.00,1000000000.00000000,100000.00,1000.00,2025-06-24 16:45:46.467832
726,0.00010000,0.00,1000000000.00000000,100000.00,1000.00,2025-06-24 16:50:45.967213
727,0.00010000,0.00,1000000000.00000000,100000.00,1000.00,2025-06-24 16:55:46.566854
728,0.00010000,0.00,1000000000.00000000,100000.00,1000.00,2025-06-24 17:00:46.658577
729,0.00010000,0.00,1000000000.00000000,100000.00,1000.00,2025-06-24 17:05:45.921499
730,0.00010000,0.00,1000000000.00000000,100000.00,1000.00,2025-06-24 17:10:46.167398
731,0.00010000,0.00,1000000000.00000000,100000.00,1000.00,2025-06-24 17:15:45.767057
732,0.00010000,0.00,1000000000.00000000,100000.00,1000.00,2025-06-24 17:20:46.566409
733,0.00010000,0.00,1000000000.00000000,100000.00,1000.00,2025-06-24 17:25:46.765722
734,0.00010000,0.00,1000000000.00000000,100000.00,1000.00,2025-06-24 17:30:47.541835
735,0.00010000,0.00,1000000000.00000000,100000.00,1000.00,2025-06-24 17:35:47.065708
736,0.00010000,0.00,1000000000.00000000,100000.00,1000.00,2025-06-24 17:38:33.269753
737,0.00010000,0.00,1000000000.00000000,100000.00,1000.00,2025-06-24 17:43:27.868921
738,0.00010000,0.00,1000000000.00000000,100000.00,1000.00,2025-06-24 17:48:28.270498
739,0.00010000,0.00,1000000000.00000000,100000.00,1000.00,2025-06-24 17:53:26.973413
740,0.00010000,0.00,1000000000.00000000,100000.00,1000.00,2025-06-24 17:58:26.92075
741,0.00010000,0.00,1000000000.00000000,100000.00,1000.00,2025-06-24 18:03:26.43988
742,0.00010000,0.00,1000000000.00000000,100000.00,1000.00,2025-06-24 18:08:24.868507
743,0.00010000,0.00,1000000000.00000000,100000.00,1000.00,2025-06-24 18:13:26.369467
744,0.00010000,0.00,1000000000.00000000,100000.00,1000.00,2025-06-24 18:18:26.867818
745,0.00010000,0.00,1000000000.00000000,100000.00,1000.00,2025-06-24 18:23:26.808479
746,0.00010000,0.00,1000000000.00000000,100000.00,1000.00,2025-06-24 18:28:26.424986
747,0.00010000,0.00,1000000000.00000000,100000.00,1000.00,2025-06-24 18:33:26.368661
748,0.00010000,0.00,1000000000.00000000,100000.00,1000.00,2025-06-24 18:38:26.767846
749,0.00010000,0.00,1000000000.00000000,100000.00,1000.00,2025-06-24 18:43:27.168473
750,0.00010000,0.00,1000000000.00000000,100000.00,1000.00,2025-06-24 18:48:27.367241
751,0.00010000,0.00,1000000000.00000000,100000.00,1000.00,2025-06-24 18:53:26.471752
752,0.00010000,0.00,1000000000.00000000,100000.00,1000.00,2025-06-24 18:53:30.046928
753,0.00010000,0.00,1000000000.00000000,100000.00,1000.00,2025-06-24 18:57:15.46621
754,0.00010000,0.00,1000000000.00000000,100000.00,1000.00,2025-06-25 08:07:47.479379
755,0.00010000,0.00,1000000000.00000000,100000.00,1000.00,2025-06-25 08:10:28.421223
756,0.00010000,0.00,1000000000.00000000,100000.00,1000.00,2025-06-25 08:11:35.108658
757,0.00010000,0.00,1000000000.00000000,100000.00,1000.00,2025-06-25 08:12:51.932595
758,0.00010000,0.00,1000000000.00000000,100000.00,1000.00,2025-06-25 08:15:28.447753
759,0.00010000,0.00,1000000000.00000000,100000.00,1000.00,2025-06-25 08:16:36.806598
760,0.00010000,0.00,1000000000.00000000,100000.00,1000.00,2025-06-25 08:20:26.339371
761,0.00010000,0.00,1000000000.00000000,100000.00,1000.00,2025-06-25 08:21:35.907708
762,0.00010000,0.00,1000000000.00000000,100000.00,1000.00,2025-06-25 08:25:28.468898
763,0.00010000,0.00,1000000000.00000000,100000.00,1000.00,2025-06-25 08:26:35.609503
764,0.00010000,0.00,1000000000.00000000,100000.00,1000.00,2025-06-25 08:30:26.335948
765,0.00010000,0.00,1000000000.00000000,100000.00,1000.00,2025-06-25 08:31:36.308197
766,0.00010000,0.00,1000000000.00000000,100000.00,1000.00,2025-06-25 08:35:28.431911
767,0.00010000,0.00,1000000000.00000000,100000.00,1000.00,2025-06-25 08:36:35.506757
768,0.00010000,0.00,1000000000.00000000,100000.00,1000.00,2025-06-25 08:40:28.380281
769,0.00010000,0.00,1000000000.00000000,100000.00,1000.00,2025-06-25 08:41:34.705713
770,0.00010000,0.00,1000000000.00000000,100000.00,1000.00,2025-06-25 08:45:26.357708
771,0.00010000,0.00,1000000000.00000000,100000.00,1000.00,2025-06-25 08:46:34.73399
772,0.00010000,0.00,1000000000.00000000,100000.00,1000.00,2025-06-25 08:50:28.453448
773,0.00010000,0.00,1000000000.00000000,100000.00,1000.00,2025-06-25 08:51:35.406821
774,0.00010000,0.00,1000000000.00000000,100000.00,1000.00,2025-06-25 09:11:35.206135
775,0.00010000,0.00,1000000000.00000000,100000.00,1000.00,2025-06-25 09:16:35.857985
776,0.00010000,0.00,1000000000.00000000,100000.00,1000.00,2025-06-25 09:21:35.370106
777,0.00010000,0.00,1000000000.00000000,100000.00,1000.00,2025-06-25 09:26:35.266866
778,0.00010000,0.00,1000000000.00000000,100000.00,1000.00,2025-06-25 09:31:36.306889
779,0.00010000,0.00,1000000000.00000000,100000.00,1000.00,2025-06-25 09:36:36.305508
780,0.00010000,0.00,1000000000.00000000,100000.00,1000.00,2025-06-25 09:41:35.303579
781,0.00010000,0.00,1000000000.00000000,100000.00,1000.00,2025-06-25 09:48:18.135559
782,0.00010000,0.00,1000000000.00000000,100000.00,1000.00,2025-06-25 09:53:21.937242
783,0.00010000,0.00,1000000000.00000000,100000.00,1000.00,2025-06-25 09:58:21.271096
784,0.00010000,0.00,1000000000.00000000,100000.00,1000.00,2025-06-25 10:03:20.664928
785,0.00010000,0.00,1000000000.00000000,100000.00,1000.00,2025-06-25 10:08:20.874077
786,0.00010000,0.00,1000000000.00000000,100000.00,1000.00,2025-06-25 10:13:21.951647
787,0.00010000,0.00,1000000000.00000000,100000.00,1000.00,2025-06-25 10:14:29.893578
788,0.00010000,0.00,1000000000.00000000,100000.00,1000.00,2025-06-25 10:18:21.009365
789,0.00010000,0.00,1000000000.00000000,100000.00,1000.00,2025-06-25 10:22:58.319294
790,0.00010000,0.00,1000000000.00000000,100000.00,1000.00,2025-06-25 10:23:20.471256
791,0.00010000,0.00,1000000000.00000000,100000.00,1000.00,2025-06-25 10:25:51.650858
792,0.00010000,0.00,1000000000.00000000,100000.00,1000.00,2025-06-25 10:28:15.46326
793,0.00010000,0.00,1000000000.00000000,100000.00,1000.00,2025-06-25 10:28:22.096929
794,0.00010000,0.00,1000000000.00000000,100000.00,1000.00,2025-06-25 10:33:15.169239
795,0.00010000,0.00,1000000000.00000000,100000.00,1000.00,2025-06-25 10:33:21.370371
796,0.00010000,0.00,1000000000.00000000,100000.00,1000.00,2025-06-25 10:38:15.087015
797,0.00010000,0.00,1000000000.00000000,100000.00,1000.00,2025-06-25 10:38:19.172048
798,0.00010000,0.00,1000000000.00000000,100000.00,1000.00,2025-06-25 10:42:09.798346
799,0.00010000,0.00,1000000000.00000000,100000.00,1000.00,2025-06-25 10:43:04.983116
800,0.00010000,0.00,1000000000.00000000,100000.00,1000.00,2025-06-25 10:43:20.568853
801,0.00010000,0.00,1000000000.00000000,100000.00,1000.00,2025-06-25 10:44:54.678283
802,0.00010000,0.00,1000000000.00000000,100000.00,1000.00,2025-06-25 10:45:03.995235
803,0.00010000,0.00,1000000000.00000000,100000.00,1000.00,2025-06-25 10:45:30.765843
804,0.00010000,0.00,1000000000.00000000,100000.00,1000.00,2025-06-25 10:48:22.270324
805,0.00010000,0.00,1000000000.00000000,100000.00,1000.00,2025-06-25 10:49:06.666729
806,0.00010000,0.00,1000000000.00000000,100000.00,1000.00,2025-06-25 10:49:18.086647
807,0.00010000,0.00,1000000000.00000000,100000.00,1000.00,2025-06-25 10:53:21.201388
808,0.00010000,0.00,1000000000.00000000,100000.00,1000.00,2025-06-25 10:54:14.975579
809,0.00010000,0.00,1000000000.00000000,100000.00,1000.00,2025-06-25 10:58:21.605805
810,0.00010000,0.00,1000000000.00000000,100000.00,1000.00,2025-06-25 10:59:14.96894
811,0.00010000,0.00,1000000000.00000000,100000.00,1000.00,2025-06-25 11:03:23.355265
812,0.00010000,0.00,1000000000.00000000,100000.00,1000.00,2025-06-25 11:04:14.966346
813,0.00010000,0.00,1000000000.00000000,100000.00,1000.00,2025-06-25 11:04:18.40011
814,0.00010000,0.00,1000000000.00000000,100000.00,1000.00,2025-06-25 11:08:20.670242
815,0.00010000,0.00,1000000000.00000000,100000.00,1000.00,2025-06-25 11:09:14.995965
816,0.00010000,0.00,1000000000.00000000,100000.00,1000.00,2025-06-25 11:09:18.696763
817,0.00010000,0.00,1000000000.00000000,100000.00,1000.00,2025-06-25 11:13:22.414297
818,0.00010000,0.00,1000000000.00000000,100000.00,1000.00,2025-06-25 11:14:14.970513
819,0.00010000,0.00,1000000000.00000000,100000.00,1000.00,2025-06-25 11:14:18.830393
820,0.00010000,0.00,1000000000.00000000,100000.00,1000.00,2025-06-25 11:17:46.777723
821,0.00010000,0.00,1000000000.00000000,100000.00,1000.00,2025-06-25 11:18:20.006589
822,0.00010000,0.00,1000000000.00000000,100000.00,1000.00,2025-06-25 11:19:15.276433
823,0.00010000,0.00,1000000000.00000000,100000.00,1000.00,2025-06-25 11:22:46.888402
824,0.00010000,0.00,1000000000.00000000,100000.00,1000.00,2025-06-25 11:23:21.071947
825,0.00010000,0.00,1000000000.00000000,100000.00,1000.00,2025-06-25 11:24:15.024647
826,0.00010000,0.00,1000000000.00000000,100000.00,1000.00,2025-06-25 11:27:46.430637
827,0.00010000,0.00,1000000000.00000000,100000.00,1000.00,2025-06-25 11:28:20.57049
828,0.00010000,0.00,1000000000.00000000,100000.00,1000.00,2025-06-25 11:29:15.3245
829,0.00010000,0.00,1000000000.00000000,100000.00,1000.00,2025-06-25 11:32:44.676868
830,0.00010000,0.00,1000000000.00000000,100000.00,1000.00,2025-06-25 11:33:20.370048
831,0.00010000,0.00,1000000000.00000000,100000.00,1000.00,2025-06-25 11:34:15.62069
832,0.00010000,0.00,1000000000.00000000,100000.00,1000.00,2025-06-25 11:38:20.300306
833,0.00010000,0.00,1000000000.00000000,100000.00,1000.00,2025-06-25 11:39:14.956018
834,0.00010000,0.00,1000000000.00000000,100000.00,1000.00,2025-06-25 11:40:53.507618
835,0.00010000,0.00,1000000000.00000000,100000.00,1000.00,2025-06-25 11:42:55.217471
836,0.00010000,0.00,1000000000.00000000,100000.00,1000.00,2025-06-25 11:43:20.457098
837,0.00010000,0.00,1000000000.00000000,100000.00,1000.00,2025-06-25 11:44:19.269565
838,0.00010000,0.00,1000000000.00000000,100000.00,1000.00,2025-06-25 11:46:45.968916
839,0.00010000,0.00,1000000000.00000000,100000.00,1000.00,2025-06-25 11:48:21.281304
840,0.00010000,0.00,1000000000.00000000,100000.00,1000.00,2025-06-25 11:48:58.735252
841,0.00010000,0.00,1000000000.00000000,100000.00,1000.00,2025-06-25 11:49:17.308343
842,0.00010000,0.00,1000000000.00000000,100000.00,1000.00,2025-06-25 11:53:20.622547
843,0.00010000,0.00,1000000000.00000000,100000.00,1000.00,2025-06-25 11:54:15.919816
844,0.00010000,0.00,1000000000.00000000,100000.00,1000.00,2025-06-25 11:58:20.755608
845,0.00010000,0.00,1000000000.00000000,100000.00,1000.00,2025-06-25 11:59:15.071986
846,0.00010000,0.00,1000000000.00000000,100000.00,1000.00,2025-06-25 12:00:24.825549
847,0.00010000,0.00,1000000000.00000000,100000.00,1000.00,2025-06-25 12:02:10.178644
848,0.00010000,0.00,1000000000.00000000,100000.00,1000.00,2025-06-25 12:03:23.374859
849,0.00010000,0.00,1000000000.00000000,100000.00,1000.00,2025-06-25 12:05:24.956427
850,0.00010000,0.00,1000000000.00000000,100000.00,1000.00,2025-06-25 12:07:09.009757
851,0.00010000,0.00,1000000000.00000000,100000.00,1000.00,2025-06-25 12:08:24.684726
852,0.00010000,0.00,1000000000.00000000,100000.00,1000.00,2025-06-25 12:09:43.289312
853,0.00010000,0.00,1000000000.00000000,100000.00,1000.00,2025-06-25 12:12:08.909961
854,0.00010000,0.00,1000000000.00000000,100000.00,1000.00,2025-06-25 12:12:09.517159
855,0.00010000,0.00,1000000000.00000000,100000.00,1000.00,2025-06-25 12:13:20.412138
856,0.00010000,0.00,1000000000.00000000,100000.00,1000.00,2025-06-25 12:17:06.982917
857,0.00010000,0.00,1000000000.00000000,100000.00,1000.00,2025-06-25 12:22:06.920799
858,0.00010000,0.00,1000000000.00000000,100000.00,1000.00,2025-06-25 12:23:21.469804
859,0.00010000,0.00,1000000000.00000000,100000.00,1000.00,2025-06-25 12:28:21.669039
860,0.00010000,0.00,1000000000.00000000,100000.00,1000.00,2025-06-25 12:33:22.572407
861,0.00010000,0.00,1000000000.00000000,100000.00,1000.00,2025-06-25 12:38:21.128566
862,0.00010000,0.00,1000000000.00000000,100000.00,1000.00,2025-06-25 12:43:21.869747
863,0.00010000,0.00,1000000000.00000000,100000.00,1000.00,2025-06-25 12:48:20.962147
864,0.00010000,0.00,1000000000.00000000,100000.00,1000.00,2025-06-25 12:53:21.369538
865,0.00010000,0.00,1000000000.00000000,100000.00,1000.00,2025-06-25 12:58:20.95715
866,0.00010000,0.00,1000000000.00000000,100000.00,1000.00,2025-06-25 13:03:21.069983
867,0.00010000,0.00,1000000000.00000000,100000.00,1000.00,2025-06-25 13:08:23.170408
868,0.00010000,0.00,1000000000.00000000,100000.00,1000.00,2025-06-25 13:13:21.247213
869,0.00010000,0.00,1000000000.00000000,100000.00,1000.00,2025-06-25 13:18:21.249713
870,0.00010000,0.00,1000000000.00000000,100000.00,1000.00,2025-06-25 13:23:21.269322
871,0.00010000,0.00,1000000000.00000000,100000.00,1000.00,2025-06-25 13:28:20.969826
872,0.00010000,0.00,1000000000.00000000,100000.00,1000.00,2025-06-25 13:33:21.725015
873,0.00010000,0.00,1000000000.00000000,100000.00,1000.00,2025-06-25 13:38:21.336042
874,0.00010000,0.00,1000000000.00000000,100000.00,1000.00,2025-06-25 13:43:20.928504
875,0.00010000,0.00,1000000000.00000000,100000.00,1000.00,2025-06-25 13:48:21.371866
876,0.00010000,0.00,1000000000.00000000,100000.00,1000.00,2025-06-25 13:53:21.370383
877,0.00010000,0.00,1000000000.00000000,100000.00,1000.00,2025-06-25 13:58:21.270472
878,0.00010000,0.00,1000000000.00000000,100000.00,1000.00,2025-06-25 14:03:22.266656
879,0.00010000,0.00,1000000000.00000000,100000.00,1000.00,2025-06-25 14:07:30.746341
880,0.00010000,0.00,1000000000.00000000,100000.00,1000.00,2025-06-25 14:08:20.803694
881,0.00010000,0.00,1000000000.00000000,100000.00,1000.00,2025-06-25 14:12:28.094573
882,0.00010000,0.00,1000000000.00000000,100000.00,1000.00,2025-06-25 14:13:20.669182
883,0.00010000,0.00,1000000000.00000000,100000.00,1000.00,2025-06-25 14:17:28.188979
884,0.00010000,0.00,1000000000.00000000,100000.00,1000.00,2025-06-25 14:18:21.848999
885,0.00010000,0.00,1000000000.00000000,100000.00,1000.00,2025-06-25 14:22:28.17646
886,0.00010000,0.00,1000000000.00000000,100000.00,1000.00,2025-06-25 14:23:22.270389
887,0.00010000,0.00,1000000000.00000000,100000.00,1000.00,2025-06-25 14:28:21.469958
888,0.00010000,0.00,1000000000.00000000,100000.00,1000.00,2025-06-25 14:33:22.160746
889,0.00010000,0.00,1000000000.00000000,100000.00,1000.00,2025-06-25 14:38:21.718104
890,0.00010000,0.00,1000000000.00000000,100000.00,1000.00,2025-06-25 14:43:22.069936
891,0.00010000,0.00,1000000000.00000000,100000.00,1000.00,2025-06-25 14:48:21.372966
892,0.00010000,0.00,1000000000.00000000,100000.00,1000.00,2025-06-25 14:53:20.669789
893,0.00010000,0.00,1000000000.00000000,100000.00,1000.00,2025-06-25 14:58:21.442721
894,0.00010000,0.00,1000000000.00000000,100000.00,1000.00,2025-06-25 15:03:21.443949
895,0.00010000,0.00,1000000000.00000000,100000.00,1000.00,2025-06-25 15:08:23.270681
896,0.00010000,0.00,1000000000.00000000,100000.00,1000.00,2025-06-25 15:09:08.067551
897,0.00010000,0.00,1000000000.00000000,100000.00,1000.00,2025-06-25 15:13:21.86929
898,0.00010000,0.00,1000000000.00000000,100000.00,1000.00,2025-06-25 15:14:00.92584
899,0.00010000,0.00,1000000000.00000000,100000.00,1000.00,2025-06-25 15:18:21.669454
900,0.00010000,0.00,1000000000.00000000,100000.00,1000.00,2025-06-25 15:19:00.946165
901,0.00010000,0.00,1000000000.00000000,100000.00,1000.00,2025-06-25 15:23:21.359983
902,0.00010000,0.00,1000000000.00000000,100000.00,1000.00,2025-06-25 15:24:00.918312
903,0.00010000,0.00,1000000000.00000000,100000.00,1000.00,2025-06-25 15:28:23.572031
904,0.00010000,0.00,1000000000.00000000,100000.00,1000.00,2025-06-25 15:29:00.875284
905,0.00010000,0.00,1000000000.00000000,100000.00,1000.00,2025-06-25 15:33:21.469731
906,0.00010000,0.00,1000000000.00000000,100000.00,1000.00,2025-06-25 15:34:00.919369
907,0.00010000,0.00,1000000000.00000000,100000.00,1000.00,2025-06-25 15:38:22.068987
908,0.00010000,0.00,1000000000.00000000,100000.00,1000.00,2025-06-25 15:39:00.908001
909,0.00010000,0.00,1000000000.00000000,100000.00,1000.00,2025-06-25 15:43:22.33912
910,0.00010000,0.00,1000000000.00000000,100000.00,1000.00,2025-06-25 15:44:00.925385
911,0.00010000,0.00,1000000000.00000000,100000.00,1000.00,2025-06-25 15:49:01.306229
912,0.00010000,0.00,1000000000.00000000,100000.00,1000.00,2025-06-25 15:49:25.732904
913,0.00010000,0.00,1000000000.00000000,100000.00,1000.00,2025-06-25 15:54:01.293781
914,0.00010000,0.00,1000000000.00000000,100000.00,1000.00,2025-06-25 15:54:32.084752
915,0.00010000,0.00,1000000000.00000000,100000.00,1000.00,2025-06-25 15:59:03.257268
916,0.00010000,0.00,1000000000.00000000,100000.00,1000.00,2025-06-25 15:59:29.385102
917,0.00010000,0.00,1000000000.00000000,100000.00,1000.00,2025-06-25 16:04:01.246579
918,0.00010000,0.00,1000000000.00000000,100000.00,1000.00,2025-06-25 16:04:27.284473
919,0.00010000,0.00,1000000000.00000000,100000.00,1000.00,2025-06-25 16:08:23.046526
920,0.00010000,0.00,1000000000.00000000,100000.00,1000.00,2025-06-25 16:09:00.896927
921,0.00010000,0.00,1000000000.00000000,100000.00,1000.00,2025-06-25 16:09:28.517148
922,0.00010000,0.00,1000000000.00000000,100000.00,1000.00,2025-06-25 16:13:24.871299
923,0.00010000,0.00,1000000000.00000000,100000.00,1000.00,2025-06-25 16:14:00.893183
924,0.00010000,0.00,1000000000.00000000,100000.00,1000.00,2025-06-25 16:14:29.784584
925,0.00010000,0.00,1000000000.00000000,100000.00,1000.00,2025-06-25 16:19:01.358886
926,0.00010000,0.00,1000000000.00000000,100000.00,1000.00,2025-06-25 16:19:28.385629
927,0.00010000,0.00,1000000000.00000000,100000.00,1000.00,2025-06-25 16:24:01.337677
928,0.00010000,0.00,1000000000.00000000,100000.00,1000.00,2025-06-25 16:24:27.98628
929,0.00010000,0.00,1000000000.00000000,100000.00,1000.00,2025-06-25 16:29:00.929329
930,0.00010000,0.00,1000000000.00000000,100000.00,1000.00,2025-06-25 16:29:28.511942
931,0.00010000,0.00,1000000000.00000000,100000.00,1000.00,2025-06-25 16:34:01.222981
932,0.00010000,0.00,1000000000.00000000,100000.00,1000.00,2025-06-25 16:34:28.929662
933,0.00010000,0.00,1000000000.00000000,100000.00,1000.00,2025-06-25 16:39:01.232114
934,0.00010000,0.00,1000000000.00000000,100000.00,1000.00,2025-06-25 16:39:28.2283
935,0.00010000,0.00,1000000000.00000000,100000.00,1000.00,2025-06-25 16:44:01.244169
936,0.00010000,0.00,1000000000.00000000,100000.00,1000.00,2025-06-25 16:44:28.18378
937,0.00010000,0.00,1000000000.00000000,100000.00,1000.00,2025-06-25 16:49:01.302184
938,0.00010000,0.00,1000000000.00000000,100000.00,1000.00,2025-06-25 16:49:28.179665
939,0.00010000,0.00,1000000000.00000000,100000.00,1000.00,2025-06-25 16:54:01.339874
940,0.00010000,0.00,1000000000.00000000,100000.00,1000.00,2025-06-25 16:54:28.484813
941,0.00010000,0.00,1000000000.00000000,100000.00,1000.00,2025-06-25 16:59:01.333308
942,0.00010000,0.00,1000000000.00000000,100000.00,1000.00,2025-06-25 16:59:28.620303
943,0.00010000,0.00,1000000000.00000000,100000.00,1000.00,2025-06-25 17:04:01.325852
944,0.00010000,0.00,1000000000.00000000,100000.00,1000.00,2025-06-25 17:04:28.085195
945,0.00010000,0.00,1000000000.00000000,100000.00,1000.00,2025-06-25 17:09:01.309689
946,0.00010000,0.00,1000000000.00000000,100000.00,1000.00,2025-06-25 17:09:28.422947
947,0.00010000,0.00,1000000000.00000000,100000.00,1000.00,2025-06-25 17:14:01.275151
948,0.00010000,0.00,1000000000.00000000,100000.00,1000.00,2025-06-25 17:14:30.585577
949,0.00010000,0.00,1000000000.00000000,100000.00,1000.00,2025-06-25 17:19:01.320303
950,0.00010000,0.00,1000000000.00000000,100000.00,1000.00,2025-06-25 17:19:29.185546
951,0.00010000,0.00,1000000000.00000000,100000.00,1000.00,2025-06-25 17:24:01.24194
952,0.00010000,0.00,1000000000.00000000,100000.00,1000.00,2025-06-25 17:24:29.68398
953,0.00010000,0.00,1000000000.00000000,100000.00,1000.00,2025-06-25 17:29:01.251005
954,0.00010000,0.00,1000000000.00000000,100000.00,1000.00,2025-06-25 17:29:29.185677
955,0.00010000,0.00,1000000000.00000000,100000.00,1000.00,2025-06-25 17:34:01.285782
956,0.00010000,0.00,1000000000.00000000,100000.00,1000.00,2025-06-25 17:34:28.622086
957,0.00010000,0.00,1000000000.00000000,100000.00,1000.00,2025-06-25 17:39:01.337595
958,0.00010000,0.00,1000000000.00000000,100000.00,1000.00,2025-06-25 17:39:27.284405
959,0.00010000,0.00,1000000000.00000000,100000.00,1000.00,2025-06-25 17:44:01.302756
960,0.00010000,0.00,1000000000.00000000,100000.00,1000.00,2025-06-25 17:44:28.1843
961,0.00010000,0.00,1000000000.00000000,100000.00,1000.00,2025-06-25 17:49:01.316325
962,0.00010000,0.00,1000000000.00000000,100000.00,1000.00,2025-06-25 17:49:28.523277
963,0.00010000,0.00,1000000000.00000000,100000.00,1000.00,2025-06-25 17:54:01.276696
964,0.00010000,0.00,1000000000.00000000,100000.00,1000.00,2025-06-25 17:54:28.829969
965,0.00010000,0.00,1000000000.00000000,100000.00,1000.00,2025-06-25 17:59:01.362304
966,0.00010000,0.00,1000000000.00000000,100000.00,1000.00,2025-06-25 17:59:28.328127
967,0.00010000,0.00,1000000000.00000000,100000.00,1000.00,2025-06-25 18:04:01.239448
968,0.00010000,0.00,1000000000.00000000,100000.00,1000.00,2025-06-25 18:04:28.784664
969,0.00010000,0.00,1000000000.00000000,100000.00,1000.00,2025-06-25 18:09:01.287683
970,0.00010000,0.00,1000000000.00000000,100000.00,1000.00,2025-06-25 18:09:28.326612
971,0.00010000,0.00,1000000000.00000000,100000.00,1000.00,2025-06-25 18:14:01.376283
972,0.00010000,0.00,1000000000.00000000,100000.00,1000.00,2025-06-25 18:14:28.867783
973,0.00010000,0.00,1000000000.00000000,100000.00,1000.00,2025-06-25 18:19:01.300757
974,0.00010000,0.00,1000000000.00000000,100000.00,1000.00,2025-06-25 18:19:29.284501
975,0.00010000,0.00,1000000000.00000000,100000.00,1000.00,2025-06-25 18:24:01.455283
976,0.00010000,0.00,1000000000.00000000,100000.00,1000.00,2025-06-25 18:24:28.528978
977,0.00010000,0.00,1000000000.00000000,100000.00,1000.00,2025-06-25 18:29:01.225503
978,0.00010000,0.00,1000000000.00000000,100000.00,1000.00,2025-06-25 18:29:29.816281
979,0.00010000,0.00,1000000000.00000000,100000.00,1000.00,2025-06-25 18:34:01.314926
980,0.00010000,0.00,1000000000.00000000,100000.00,1000.00,2025-06-25 18:34:28.513599
981,0.00010000,0.00,1000000000.00000000,100000.00,1000.00,2025-06-25 18:39:01.343714
982,0.00010000,0.00,1000000000.00000000,100000.00,1000.00,2025-06-25 18:39:29.286498
983,0.00010000,0.00,1000000000.00000000,100000.00,1000.00,2025-06-25 18:44:01.250488
984,0.00010000,0.00,1000000000.00000000,100000.00,1000.00,2025-06-25 18:44:29.687721
985,0.00010000,0.00,1000000000.00000000,100000.00,1000.00,2025-06-25 18:49:01.263105
986,0.00010000,0.00,1000000000.00000000,100000.00,1000.00,2025-06-25 18:54:00.981725
987,0.00010000,0.00,1000000000.00000000,100000.00,1000.00,2025-06-25 18:58:00.480209
988,0.00010000,0.00,1000000000.00000000,100000.00,1000.00,2025-06-25 18:59:01.018752
989,0.00010000,0.00,1000000000.00000000,100000.00,1000.00,2025-06-25 19:02:58.787772
990,0.00010000,0.00,1000000000.00000000,100000.00,1000.00,2025-06-25 19:04:00.959472
991,0.00010000,0.00,1000000000.00000000,100000.00,1000.00,2025-06-25 19:07:58.785094
992,0.00010000,0.00,1000000000.00000000,100000.00,1000.00,2025-06-25 19:09:00.967025
993,0.00010000,0.00,1000000000.00000000,100000.00,1000.00,2025-06-25 19:12:57.485711
994,0.00010000,0.00,1000000000.00000000,100000.00,1000.00,2025-06-25 19:14:00.912772
995,0.00010000,0.00,1000000000.00000000,100000.00,1000.00,2025-06-25 19:17:57.985595
996,0.00010000,0.00,1000000000.00000000,100000.00,1000.00,2025-06-25 19:19:01.020173
997,0.00010000,0.00,1000000000.00000000,100000.00,1000.00,2025-06-25 19:22:58.056383
998,0.00010000,0.00,1000000000.00000000,100000.00,1000.00,2025-06-25 19:24:00.946908
999,0.00010000,0.00,1000000000.00000000,100000.00,1000.00,2025-06-25 19:28:00.436611
1000,0.00010000,0.00,1000000000.00000000,100000.00,1000.00,2025-06-25 19:29:00.937974
1001,0.00010000,0.00,1000000000.00000000,100000.00,1000.00,2025-06-25 19:32:57.361359
1002,0.00010000,0.00,1000000000.00000000,100000.00,1000.00,2025-06-25 19:34:01.034146
1003,0.00010000,0.00,1000000000.00000000,100000.00,1000.00,2025-06-25 19:37:57.884638
1004,0.00010000,0.00,1000000000.00000000,100000.00,1000.00,2025-06-25 19:39:00.951777
1005,0.00010000,0.00,1000000000.00000000,100000.00,1000.00,2025-06-25 19:43:00.262456
1006,0.00010000,0.00,1000000000.00000000,100000.00,1000.00,2025-06-25 19:44:00.908757
1007,0.00010000,0.00,1000000000.00000000,100000.00,1000.00,2025-06-25 19:47:57.585106
1008,0.00010000,0.00,1000000000.00000000,100000.00,1000.00,2025-06-25 19:49:00.873281
1009,0.00010000,0.00,1000000000.00000000,100000.00,1000.00,2025-06-25 19:52:58.684587
1010,0.00010000,0.00,1000000000.00000000,100000.00,1000.00,2025-06-25 19:54:00.981389
1011,0.00010000,0.00,1000000000.00000000,100000.00,1000.00,2025-06-25 19:57:57.463532
1012,0.00010000,0.00,1000000000.00000000,100000.00,1000.00,2025-06-25 19:59:00.918324
1013,0.00010000,0.00,1000000000.00000000,100000.00,1000.00,2025-06-25 20:02:59.987191
1014,0.00010000,0.00,1000000000.00000000,100000.00,1000.00,2025-06-25 20:04:00.960951
1015,0.00010000,0.00,1000000000.00000000,100000.00,1000.00,2025-06-25 20:07:59.739883
1016,0.00010000,0.00,1000000000.00000000,100000.00,1000.00,2025-06-25 20:09:01.003087
1017,0.00010000,0.00,1000000000.00000000,100000.00,1000.00,2025-06-25 20:12:59.535694
1018,0.00010000,0.00,1000000000.00000000,100000.00,1000.00,2025-06-25 20:14:00.950837
1019,0.00010000,0.00,1000000000.00000000,100000.00,1000.00,2025-06-25 20:18:00.485464
1020,0.00010000,0.00,1000000000.00000000,100000.00,1000.00,2025-06-25 20:19:00.999016
1021,0.00010000,0.00,1000000000.00000000,100000.00,1000.00,2025-06-25 20:22:59.597189
1022,0.00010000,0.00,1000000000.00000000,100000.00,1000.00,2025-06-25 20:27:57.052658
1023,0.00010000,0.00,1000000000.00000000,100000.00,1000.00,2025-06-25 20:28:58.66702
1024,0.00010000,0.00,1000000000.00000000,100000.00,1000.00,2025-06-25 20:32:59.262411
1025,0.00010000,0.00,1000000000.00000000,100000.00,1000.00,2025-06-25 20:33:56.563425
1026,0.00010000,0.00,1000000000.00000000,100000.00,1000.00,2025-06-25 20:37:22.134942
1027,0.00010000,0.00,1000000000.00000000,100000.00,1000.00,2025-06-25 20:38:56.510465
1028,0.00010000,0.00,1000000000.00000000,100000.00,1000.00,2025-06-25 20:42:22.389565
1029,0.00010000,0.00,1000000000.00000000,100000.00,1000.00,2025-06-25 20:43:56.809722
1030,0.00010000,0.00,1000000000.00000000,100000.00,1000.00,2025-06-25 20:47:22.066131
1031,0.00010000,0.00,1000000000.00000000,100000.00,1000.00,2025-06-25 20:48:56.787763
1032,0.00010000,0.00,1000000000.00000000,100000.00,1000.00,2025-06-25 20:52:23.991939
1033,0.00010000,0.00,1000000000.00000000,100000.00,1000.00,2025-06-25 20:53:58.881809
1034,0.00010000,0.00,1000000000.00000000,100000.00,1000.00,2025-06-25 20:57:24.916832
1035,0.00010000,0.00,1000000000.00000000,100000.00,1000.00,2025-06-25 20:58:56.830579
1036,0.00010000,0.00,1000000000.00000000,100000.00,1000.00,2025-06-25 21:02:22.106465
1037,0.00010000,0.00,1000000000.00000000,100000.00,1000.00,2025-06-25 21:03:58.797616
1038,0.00010000,0.00,1000000000.00000000,100000.00,1000.00,2025-06-25 21:07:21.585751
1039,0.00010000,0.00,1000000000.00000000,100000.00,1000.00,2025-06-25 21:08:58.995661
1040,0.00010000,0.00,1000000000.00000000,100000.00,1000.00,2025-06-25 21:12:21.434968
1041,0.00010000,0.00,1000000000.00000000,100000.00,1000.00,2025-06-25 21:13:56.818357
1042,0.00010000,0.00,1000000000.00000000,100000.00,1000.00,2025-06-25 21:17:22.034461
1043,0.00010000,0.00,1000000000.00000000,100000.00,1000.00,2025-06-25 21:18:56.423536
1044,0.00010000,0.00,1000000000.00000000,100000.00,1000.00,2025-06-25 21:22:24.191949
1045,0.00010000,0.00,1000000000.00000000,100000.00,1000.00,2025-06-25 21:23:56.883027
1046,0.00010000,0.00,1000000000.00000000,100000.00,1000.00,2025-06-25 21:27:21.363242
1047,0.00010000,0.00,1000000000.00000000,100000.00,1000.00,2025-06-25 21:28:56.797296
1048,0.00010000,0.00,1000000000.00000000,100000.00,1000.00,2025-06-25 21:32:23.810141
1049,0.00010000,0.00,1000000000.00000000,100000.00,1000.00,2025-06-25 21:33:56.557692
1050,0.00010000,0.00,1000000000.00000000,100000.00,1000.00,2025-06-25 21:37:21.834252
1051,0.00010000,0.00,1000000000.00000000,100000.00,1000.00,2025-06-25 21:38:56.751544
1052,0.00010000,0.00,1000000000.00000000,100000.00,1000.00,2025-06-25 21:42:23.09416
1053,0.00010000,0.00,1000000000.00000000,100000.00,1000.00,2025-06-25 21:43:56.908949
1054,0.00010000,0.00,1000000000.00000000,100000.00,1000.00,2025-06-25 21:47:23.281626
1055,0.00010000,0.00,1000000000.00000000,100000.00,1000.00,2025-06-25 21:48:56.827589
1056,0.00010000,0.00,1000000000.00000000,100000.00,1000.00,2025-06-25 21:52:23.919363
